Num.,Polymer,TE,logTE,NDI,Size-neb,PDI-neb,EE-Neb,Size,PDI,EE,NDI-Size,NDI-PDI,NDI-EE,Deff,Arms,hydrophilicity,Concentration,MW,MaxEStateIndex,MinAbsEStateIndex,MinEStateIndex,qed,SPS,MolWt,HeavyAtomMolWt,NumValenceElectrons,MaxPartialCharge,MinPartialCharge,MaxAbsPartialCharge,MinAbsPartialCharge,FpDensityMorgan1,FpDensityMorgan2,FpDensityMorgan3,BCUT2D_MWHI,BCUT2D_MWLOW,BCUT2D_CHGHI,BCUT2D_CHGLO,BCUT2D_LOGPHI,BCUT2D_LOGPLOW,BCUT2D_MRHI,BCUT2D_MRLOW,AvgIpc,BalabanJ,BertzCT,Chi0,Chi0n,Chi0v,Chi1,Chi1n,Chi1v,Chi2n,Chi2v,Chi3n,Chi3v,Chi4n,Chi4v,HallKierAlpha,Ipc,Kappa1,Kappa2,Kappa3,LabuteASA,PEOE_VSA1,PEOE_VSA10,PEOE_VSA12,PEOE_VSA14,PEOE_VSA2,PEOE_VSA3,PEOE_VSA6,PEOE_VSA7,PEOE_VSA8,PEOE_VSA9,SMR_VSA1,SMR_VSA10,SMR_VSA3,SMR_VSA4,SMR_VSA5,SMR_VSA6,SMR_VSA7,SlogP_VSA1,SlogP_VSA2,SlogP_VSA3,SlogP_VSA5,SlogP_VSA6,TPSA,EState_VSA1,EState_VSA10,EState_VSA2,EState_VSA3,EState_VSA4,EState_VSA5,EState_VSA7,EState_VSA8,EState_VSA9,VSA_EState1,VSA_EState2,VSA_EState3,VSA_EState4,VSA_EState5,VSA_EState7,VSA_EState8,FractionCSP3,HeavyAtomCount,NHOHCount,NOCount,NumAliphaticHeterocycles,NumAliphaticRings,NumAmideBonds,NumAtomStereoCenters,NumHAcceptors,NumHDonors,NumHeteroatoms,NumHeterocycles,NumRotatableBonds,NumSaturatedHeterocycles,NumSaturatedRings,NumUnspecifiedAtomStereoCenters,Phi,RingCount,MolLogP,MolMR,fr_Al_COO,fr_Al_OH,fr_Al_OH_noTert,fr_COO,fr_COO2,fr_C_O,fr_C_O_noCOO,fr_NH0,fr_NH1,fr_NH2,fr_allylic_oxid,fr_amide,fr_ester,fr_ether,fr_lactone,fr_priamide,fr_unbrch_alkane
1,P105,613000,5.787460475,2.741007524,116,0.22,77.3,77,0.07,85.1,1.506493506,3.142857143,0.908343126,0.071,1,0,1,1900,7.854131372,0.131546611,-0.330127133,0.420870614,11.03516974,68.67971012,61.6814565,28.82813579,0.070003146,-0.393853613,0.393853613,0.070003146,1.377084772,1.603516974,1.603516974,16.30938656,10.64883935,1.694499708,-1.791790496,1.528999597,-1.933566829,4.190922088,0.150078294,1.374642678,2.240963887,12.05916449,3.824408021,2.718835212,2.718835212,2.081941834,1.333993053,1.333993053,0.722665516,0.722665516,0.177407889,0.177407889,0,0,-0.08,8.173009039,4.391355965,2.568887904,2.862711931,27.69281408,10.21305479,0,0,0,0,0,0,3.263544831,0,12.97671167,10.21305479,0,0,0,6.140685801,10.0995707,0,0,23.18976646,0,3.263544831,0,40.46,2.877140969,0,10.0995707,0,0,3.263544831,0,0,10.21305479,0,0,15.60569918,0,0,-0.264046629,0.522500054,1,4.471355965,2,2,0,0,0,0.471355965,2,2,2,0,1,0,0,0.471355965,2.521611135,0,-0.845878207,16.33748066,0,2,2,0,0,0,0,0,0,0,0,0,0,0,0,0,0
2,P105,861000,5.935003151,2.759259259,105,0.2,75.2,81,0.06,86.4,1.296296296,3.333333333,0.87037037,0.077,1,0,5,1900,7.854131372,0.131546611,-0.330127133,0.420870614,11.03516974,68.67971012,61.6814565,28.82813579,0.070003146,-0.393853613,0.393853613,0.070003146,1.377084772,1.603516974,1.603516974,16.30938656,10.64883935,1.694499708,-1.791790496,1.528999597,-1.933566829,4.190922088,0.150078294,1.374642678,2.240963887,12.05916449,3.824408021,2.718835212,2.718835212,2.081941834,1.333993053,1.333993053,0.722665516,0.722665516,0.177407889,0.177407889,0,0,-0.08,8.173009039,4.391355965,2.568887904,2.862711931,27.69281408,10.21305479,0,0,0,0,0,0,3.263544831,0,12.97671167,10.21305479,0,0,0,6.140685801,10.0995707,0,0,23.18976646,0,3.263544831,0,40.46,2.877140969,0,10.0995707,0,0,3.263544831,0,0,10.21305479,0,0,15.60569918,0,0,-0.264046629,0.522500054,1,4.471355965,2,2,0,0,0,0.471355965,2,2,2,0,1,0,0,0.471355965,2.521611135,0,-0.845878207,16.33748066,0,2,2,0,0,0,0,0,0,0,0,0,0,0,0,0,0
3,P105,771000,5.887054378,2.769759694,107,0.2,74.6,82,0.06,85.9,1.304878049,3.333333333,0.868451688,0.085,1,0,10,1900,7.854131372,0.131546611,-0.330127133,0.420870614,11.03516974,68.67971012,61.6814565,28.82813579,0.070003146,-0.393853613,0.393853613,0.070003146,1.377084772,1.603516974,1.603516974,16.30938656,10.64883935,1.694499708,-1.791790496,1.528999597,-1.933566829,4.190922088,0.150078294,1.374642678,2.240963887,12.05916449,3.824408021,2.718835212,2.718835212,2.081941834,1.333993053,1.333993053,0.722665516,0.722665516,0.177407889,0.177407889,0,0,-0.08,8.173009039,4.391355965,2.568887904,2.862711931,27.69281408,10.21305479,0,0,0,0,0,0,3.263544831,0,12.97671167,10.21305479,0,0,0,6.140685801,10.0995707,0,0,23.18976646,0,3.263544831,0,40.46,2.877140969,0,10.0995707,0,0,3.263544831,0,0,10.21305479,0,0,15.60569918,0,0,-0.264046629,0.522500054,1,4.471355965,2,2,0,0,0,0.471355965,2,2,2,0,1,0,0,0.471355965,2.521611135,0,-0.845878207,16.33748066,0,2,2,0,0,0,0,0,0,0,0,0,0,0,0,0,0
4,P105,619000,5.791690649,3.014470791,110,0.21,74.8,79,0.06,85.2,1.392405063,3.5,0.877934272,0.073,1,0,20,1900,7.854131372,0.131546611,-0.330127133,0.420870614,11.03516974,68.67971012,61.6814565,28.82813579,0.070003146,-0.393853613,0.393853613,0.070003146,1.377084772,1.603516974,1.603516974,16.30938656,10.64883935,1.694499708,-1.791790496,1.528999597,-1.933566829,4.190922088,0.150078294,1.374642678,2.240963887,12.05916449,3.824408021,2.718835212,2.718835212,2.081941834,1.333993053,1.333993053,0.722665516,0.722665516,0.177407889,0.177407889,0,0,-0.08,8.173009039,4.391355965,2.568887904,2.862711931,27.69281408,10.21305479,0,0,0,0,0,0,3.263544831,0,12.97671167,10.21305479,0,0,0,6.140685801,10.0995707,0,0,23.18976646,0,3.263544831,0,40.46,2.877140969,0,10.0995707,0,0,3.263544831,0,0,10.21305479,0,0,15.60569918,0,0,-0.264046629,0.522500054,1,4.471355965,2,2,0,0,0,0.471355965,2,2,2,0,1,0,0,0.471355965,2.521611135,0,-0.845878207,16.33748066,0,2,2,0,0,0,0,0,0,0,0,0,0,0,0,0,0
5,P124,849000,5.92890769,1.030352018,95,0.16,70.5,79,0.1,91.3,1.202531646,1.6,0.772179628,0.083,1,0,1,2225,7.87065985,0.132018853,-0.344924056,0.421833097,11.29018055,69.15664834,62.08984781,29.03214444,0.070275566,-0.393843736,0.393843736,0.070275566,1.404285925,1.629018055,1.629018055,16.30975649,10.63661354,1.703098319,-1.798479155,1.53883831,-1.939933924,4.200187229,0.1474915,1.374909008,2.260167697,12.49624462,3.853997554,2.748424745,2.748424745,2.094040976,1.348531038,1.348531038,0.742535345,0.742535345,0.182991736,0.182991736,0,0,-0.08,8.268101939,4.425357406,2.5435603,2.930714812,27.90923128,10.21305479,0,0,0,0,0,0,3.498961872,0,12.95961182,10.21305479,0,0,0,6.583646494,9.874927198,0,0,23.17266661,0,3.498961872,0,40.46,3.084684621,0,9.874927198,0,0,3.498961872,0,0,10.21305479,0,0,15.63135767,0,0,-0.283093732,0.578224638,1,4.505357406,2,2,0,0,0,0.505357406,2,2,2,0,1,0,0,0.505357406,2.497085909,0,-0.832668648,16.49371728,0,2,2,0,0,0,0,0,0,0,0,0,0,0,0,0,0
6,P124,1100000,6.041392685,0.410654386,87,0.14,78.6,78,0.12,90.2,1.115384615,1.166666667,0.871396896,0.192,1,0,5,2225,7.87065985,0.132018853,-0.344924056,0.421833097,11.29018055,69.15664834,62.08984781,29.03214444,0.070275566,-0.393843736,0.393843736,0.070275566,1.404285925,1.629018055,1.629018055,16.30975649,10.63661354,1.703098319,-1.798479155,1.53883831,-1.939933924,4.200187229,0.1474915,1.374909008,2.260167697,12.49624462,3.853997554,2.748424745,2.748424745,2.094040976,1.348531038,1.348531038,0.742535345,0.742535345,0.182991736,0.182991736,0,0,-0.08,8.268101939,4.425357406,2.5435603,2.930714812,27.90923128,10.21305479,0,0,0,0,0,0,3.498961872,0,12.95961182,10.21305479,0,0,0,6.583646494,9.874927198,0,0,23.17266661,0,3.498961872,0,40.46,3.084684621,0,9.874927198,0,0,3.498961872,0,0,10.21305479,0,0,15.63135767,0,0,-0.283093732,0.578224638,1,4.505357406,2,2,0,0,0,0.505357406,2,2,2,0,1,0,0,0.505357406,2.497085909,0,-0.832668648,16.49371728,0,2,2,0,0,0,0,0,0,0,0,0,0,0,0,0,0
7,P124,2090000,6.320146286,0.303394714,83,0.11,81.5,83,0.09,88.7,1,1.222222222,0.918827508,0.229,1,0,10,2225,7.87065985,0.132018853,-0.344924056,0.421833097,11.29018055,69.15664834,62.08984781,29.03214444,0.070275566,-0.393843736,0.393843736,0.070275566,1.404285925,1.629018055,1.629018055,16.30975649,10.63661354,1.703098319,-1.798479155,1.53883831,-1.939933924,4.200187229,0.1474915,1.374909008,2.260167697,12.49624462,3.853997554,2.748424745,2.748424745,2.094040976,1.348531038,1.348531038,0.742535345,0.742535345,0.182991736,0.182991736,0,0,-0.08,8.268101939,4.425357406,2.5435603,2.930714812,27.90923128,10.21305479,0,0,0,0,0,0,3.498961872,0,12.95961182,10.21305479,0,0,0,6.583646494,9.874927198,0,0,23.17266661,0,3.498961872,0,40.46,3.084684621,0,9.874927198,0,0,3.498961872,0,0,10.21305479,0,0,15.63135767,0,0,-0.283093732,0.578224638,1,4.505357406,2,2,0,0,0,0.505357406,2,2,2,0,1,0,0,0.505357406,2.497085909,0,-0.832668648,16.49371728,0,2,2,0,0,0,0,0,0,0,0,0,0,0,0,0,0
8,P124,1450000,6.161368002,0.296213254,82,0.11,82.6,82,0.09,89.2,1,1.222222222,0.926008969,0.255,1,0,20,2225,7.87065985,0.132018853,-0.344924056,0.421833097,11.29018055,69.15664834,62.08984781,29.03214444,0.070275566,-0.393843736,0.393843736,0.070275566,1.404285925,1.629018055,1.629018055,16.30975649,10.63661354,1.703098319,-1.798479155,1.53883831,-1.939933924,4.200187229,0.1474915,1.374909008,2.260167697,12.49624462,3.853997554,2.748424745,2.748424745,2.094040976,1.348531038,1.348531038,0.742535345,0.742535345,0.182991736,0.182991736,0,0,-0.08,8.268101939,4.425357406,2.5435603,2.930714812,27.90923128,10.21305479,0,0,0,0,0,0,3.498961872,0,12.95961182,10.21305479,0,0,0,6.583646494,9.874927198,0,0,23.17266661,0,3.498961872,0,40.46,3.084684621,0,9.874927198,0,0,3.498961872,0,0,10.21305479,0,0,15.63135767,0,0,-0.283093732,0.578224638,1,4.505357406,2,2,0,0,0,0.505357406,2,2,2,0,1,0,0,0.505357406,2.497085909,0,-0.832668648,16.49371728,0,2,2,0,0,0,0,0,0,0,0,0,0,0,0,0,0
9,P237,862000,5.935507266,1.161807707,124,0.15,81.1,89,0.09,90.3,1.393258427,1.666666667,0.898117386,0.19,1,0,1,7835,7.712755969,0.127507313,-0.203562486,0.412638076,8.85394923,64.60024611,58.18830456,27.08315938,0.06767302,-0.393938099,0.393938099,0.06767302,1.144421251,1.385394923,1.385394923,16.30622236,10.75341217,1.620951971,-1.734579429,1.444844718,-1.879106238,4.111673224,0.17220429,1.37236464,2.076705189,8.320624385,3.571315629,2.46574282,2.46574282,1.978452504,1.209643218,1.209643218,0.552710062,0.552710062,0.129646766,0.129646766,0,0,-0.08,7.359637297,4.100526564,2.785526131,2.281053128,25.84170178,10.21305479,0,0,0,0,0,0,1.249918487,0,13.12297431,10.21305479,0,0,0,2.351846567,12.02104623,0,0,23.3360291,0,1.249918487,0,40.46,1.101928079,0,12.02104623,0,0,1.249918487,0,0,10.21305479,0,0,15.38623069,0,0,-0.101128307,0.04586298,1,4.180526564,2,2,0,0,0,0.180526564,2,2,2,0,1,0,0,0.180526564,2.731386263,0,-0.95886543,15.00111956,0,2,2,0,0,0,0,0,0,0,0,0,0,0,0,0,0
10,P237,1520000,6.181843588,0.69046972,106,0.13,85.5,88,0.09,89.2,1.204545455,1.444444444,0.958520179,0.41,1,0,5,7835,7.712755969,0.127507313,-0.203562486,0.412638076,8.85394923,64.60024611,58.18830456,27.08315938,0.06767302,-0.393938099,0.393938099,0.06767302,1.144421251,1.385394923,1.385394923,16.30622236,10.75341217,1.620951971,-1.734579429,1.444844718,-1.879106238,4.111673224,0.17220429,1.37236464,2.076705189,8.320624385,3.571315629,2.46574282,2.46574282,1.978452504,1.209643218,1.209643218,0.552710062,0.552710062,0.129646766,0.129646766,0,0,-0.08,7.359637297,4.100526564,2.785526131,2.281053128,25.84170178,10.21305479,0,0,0,0,0,0,1.249918487,0,13.12297431,10.21305479,0,0,0,2.351846567,12.02104623,0,0,23.3360291,0,1.249918487,0,40.46,1.101928079,0,12.02104623,0,0,1.249918487,0,0,10.21305479,0,0,15.38623069,0,0,-0.101128307,0.04586298,1,4.180526564,2,2,0,0,0,0.180526564,2,2,2,0,1,0,0,0.180526564,2.731386263,0,-0.95886543,15.00111956,0,2,2,0,0,0,0,0,0,0,0,0,0,0,0,0,0
11,P237,1440000,6.158362492,0.612241055,110,0.13,82.5,100,0.09,88.5,1.1,1.444444444,0.93220339,0.461,1,0,10,7835,7.712755969,0.127507313,-0.203562486,0.412638076,8.85394923,64.60024611,58.18830456,27.08315938,0.06767302,-0.393938099,0.393938099,0.06767302,1.144421251,1.385394923,1.385394923,16.30622236,10.75341217,1.620951971,-1.734579429,1.444844718,-1.879106238,4.111673224,0.17220429,1.37236464,2.076705189,8.320624385,3.571315629,2.46574282,2.46574282,1.978452504,1.209643218,1.209643218,0.552710062,0.552710062,0.129646766,0.129646766,0,0,-0.08,7.359637297,4.100526564,2.785526131,2.281053128,25.84170178,10.21305479,0,0,0,0,0,0,1.249918487,0,13.12297431,10.21305479,0,0,0,2.351846567,12.02104623,0,0,23.3360291,0,1.249918487,0,40.46,1.101928079,0,12.02104623,0,0,1.249918487,0,0,10.21305479,0,0,15.38623069,0,0,-0.101128307,0.04586298,1,4.180526564,2,2,0,0,0,0.180526564,2,2,2,0,1,0,0,0.180526564,2.731386263,0,-0.95886543,15.00111956,0,2,2,0,0,0,0,0,0,0,0,0,0,0,0,0,0
12,P237,1170000,6.068185862,0.772160999,113,0.14,80.9,87,0.1,87.3,1.298850575,1.4,0.926689576,0.486,1,0,20,7835,7.712755969,0.127507313,-0.203562486,0.412638076,8.85394923,64.60024611,58.18830456,27.08315938,0.06767302,-0.393938099,0.393938099,0.06767302,1.144421251,1.385394923,1.385394923,16.30622236,10.75341217,1.620951971,-1.734579429,1.444844718,-1.879106238,4.111673224,0.17220429,1.37236464,2.076705189,8.320624385,3.571315629,2.46574282,2.46574282,1.978452504,1.209643218,1.209643218,0.552710062,0.552710062,0.129646766,0.129646766,0,0,-0.08,7.359637297,4.100526564,2.785526131,2.281053128,25.84170178,10.21305479,0,0,0,0,0,0,1.249918487,0,13.12297431,10.21305479,0,0,0,2.351846567,12.02104623,0,0,23.3360291,0,1.249918487,0,40.46,1.101928079,0,12.02104623,0,0,1.249918487,0,0,10.21305479,0,0,15.38623069,0,0,-0.101128307,0.04586298,1,4.180526564,2,2,0,0,0,0.180526564,2,2,2,0,1,0,0,0.180526564,2.731386263,0,-0.95886543,15.00111956,0,2,2,0,0,0,0,0,0,0,0,0,0,0,0,0,0
13,P338,432000,5.635483747,1.875252916,97,0.17,66.3,81,0.07,88.3,1.197530864,2.428571429,0.750849377,0.179,1,0,1,15050,7.703056674,0.127230191,-0.194879308,0.412073269,8.704302972,64.32036771,57.94865107,26.96344238,0.067513157,-0.393943895,0.393943895,0.067513157,1.128458984,1.370430297,1.370430297,16.30600528,10.76058656,1.615906106,-1.730654368,1.439071132,-1.875369879,4.106236224,0.173722281,1.372208352,2.065435948,8.064135627,3.553951805,2.448378996,2.448378996,1.971352447,1.201111991,1.201111991,0.541049985,0.541049985,0.126370035,0.126370035,0,0,-0.08,7.303834577,4.08057373,2.800388957,2.241147459,25.71470314,10.21305479,0,0,0,0,0,0,1.111770305,0,13.1330089,10.21305479,0,0,0,2.091906953,12.15287225,0,0,23.34606369,0,1.111770305,0,40.46,0.980136648,0,12.15287225,0,0,1.111770305,0,0,10.21305479,0,0,15.37117369,0,0,-0.089951024,0.013162501,1,4.16057373,2,2,0,0,0,0.16057373,2,2,2,0,1,0,0,0.16057373,2.745778234,0,-0.966617106,14.90943629,0,2,2,0,0,0,0,0,0,0,0,0,0,0,0,0,0
14,P338,1010000,6.004321374,0.183261363,78.5,0.13,70.1,81,0.13,89.2,0.969135802,1,0.785874439,0.306,1,0,5,15050,7.703056674,0.127230191,-0.194879308,0.412073269,8.704302972,64.32036771,57.94865107,26.96344238,0.067513157,-0.393943895,0.393943895,0.067513157,1.128458984,1.370430297,1.370430297,16.30600528,10.76058656,1.615906106,-1.730654368,1.439071132,-1.875369879,4.106236224,0.173722281,1.372208352,2.065435948,8.064135627,3.553951805,2.448378996,2.448378996,1.971352447,1.201111991,1.201111991,0.541049985,0.541049985,0.126370035,0.126370035,0,0,-0.08,7.303834577,4.08057373,2.800388957,2.241147459,25.71470314,10.21305479,0,0,0,0,0,0,1.111770305,0,13.1330089,10.21305479,0,0,0,2.091906953,12.15287225,0,0,23.34606369,0,1.111770305,0,40.46,0.980136648,0,12.15287225,0,0,1.111770305,0,0,10.21305479,0,0,15.37117369,0,0,-0.089951024,0.013162501,1,4.16057373,2,2,0,0,0,0.16057373,2,2,2,0,1,0,0,0.16057373,2.745778234,0,-0.966617106,14.90943629,0,2,2,0,0,0,0,0,0,0,0,0,0,0,0,0,0
15,P338,1150000,6.06069784,1.283371472,80,0.13,77.2,80,0.06,87.4,1,2.166666667,0.883295195,0.431,1,0,10,15050,7.703056674,0.127230191,-0.194879308,0.412073269,8.704302972,64.32036771,57.94865107,26.96344238,0.067513157,-0.393943895,0.393943895,0.067513157,1.128458984,1.370430297,1.370430297,16.30600528,10.76058656,1.615906106,-1.730654368,1.439071132,-1.875369879,4.106236224,0.173722281,1.372208352,2.065435948,8.064135627,3.553951805,2.448378996,2.448378996,1.971352447,1.201111991,1.201111991,0.541049985,0.541049985,0.126370035,0.126370035,0,0,-0.08,7.303834577,4.08057373,2.800388957,2.241147459,25.71470314,10.21305479,0,0,0,0,0,0,1.111770305,0,13.1330089,10.21305479,0,0,0,2.091906953,12.15287225,0,0,23.34606369,0,1.111770305,0,40.46,0.980136648,0,12.15287225,0,0,1.111770305,0,0,10.21305479,0,0,15.37117369,0,0,-0.089951024,0.013162501,1,4.16057373,2,2,0,0,0,0.16057373,2,2,2,0,1,0,0,0.16057373,2.745778234,0,-0.966617106,14.90943629,0,2,2,0,0,0,0,0,0,0,0,0,0,0,0,0,0
16,P338,1300000,6.113943352,2.342655367,84,0.13,80.3,84,0.04,88.5,1,3.25,0.907344633,0.468,1,0,20,15050,7.703056674,0.127230191,-0.194879308,0.412073269,8.704302972,64.32036771,57.94865107,26.96344238,0.067513157,-0.393943895,0.393943895,0.067513157,1.128458984,1.370430297,1.370430297,16.30600528,10.76058656,1.615906106,-1.730654368,1.439071132,-1.875369879,4.106236224,0.173722281,1.372208352,2.065435948,8.064135627,3.553951805,2.448378996,2.448378996,1.971352447,1.201111991,1.201111991,0.541049985,0.541049985,0.126370035,0.126370035,0,0,-0.08,7.303834577,4.08057373,2.800388957,2.241147459,25.71470314,10.21305479,0,0,0,0,0,0,1.111770305,0,13.1330089,10.21305479,0,0,0,2.091906953,12.15287225,0,0,23.34606369,0,1.111770305,0,40.46,0.980136648,0,12.15287225,0,0,1.111770305,0,0,10.21305479,0,0,15.37117369,0,0,-0.089951024,0.013162501,1,4.16057373,2,2,0,0,0,0.16057373,2,2,2,0,1,0,0,0.16057373,2.745778234,0,-0.966617106,14.90943629,0,2,2,0,0,0,0,0,0,0,0,0,0,0,0,0,0
17,P407,778000,5.890979597,0.959131682,71,0.19,74.1,61,0.11,79.5,1.163934426,1.727272727,0.932075472,0.103,1,0,1,12220,7.748309012,0.128523115,-0.235390925,0.414708392,9.402481901,65.62614848,59.06676135,27.52198552,0.068258999,-0.393916853,0.393916853,0.068258999,1.202931403,1.44024819,1.44024819,16.30701809,10.72711423,1.639447733,-1.74896685,1.466007961,-1.892801971,4.131602704,0.166640051,1.37293752,2.118012917,9.260791316,3.634963227,2.529390418,2.529390418,2.004477969,1.240914676,1.240914676,0.595450408,0.595450408,0.141657719,0.141657719,0,0,-0.08,7.564183776,4.173664254,2.731046015,2.427328507,26.30721894,10.21305479,0,0,0,0,0,0,1.756304628,0,13.08619222,10.21305479,0,0,0,3.304662706,11.53783415,0,0,23.29924701,0,1.756304628,0,40.46,1.548358077,0,11.53783415,0,0,1.756304628,0,0,10.21305479,0,0,15.44142256,0,0,-0.142098957,0.165727527,1,4.253664254,2,2,0,0,0,0.253664254,2,2,2,0,1,0,0,0.253664254,2.678632077,0,-0.930451438,15.33718724,0,2,2,0,0,0,0,0,0,0,0,0,0,0,0,0,0
18,P407,528000,5.722633923,0.574016563,70,0.2,32.5,69,0.15,42,1.014492754,1.333333333,0.773809524,0.194,1,0,5,12220,7.748309012,0.128523115,-0.235390925,0.414708392,9.402481901,65.62614848,59.06676135,27.52198552,0.068258999,-0.393916853,0.393916853,0.068258999,1.202931403,1.44024819,1.44024819,16.30701809,10.72711423,1.639447733,-1.74896685,1.466007961,-1.892801971,4.131602704,0.166640051,1.37293752,2.118012917,9.260791316,3.634963227,2.529390418,2.529390418,2.004477969,1.240914676,1.240914676,0.595450408,0.595450408,0.141657719,0.141657719,0,0,-0.08,7.564183776,4.173664254,2.731046015,2.427328507,26.30721894,10.21305479,0,0,0,0,0,0,1.756304628,0,13.08619222,10.21305479,0,0,0,3.304662706,11.53783415,0,0,23.29924701,0,1.756304628,0,40.46,1.548358077,0,11.53783415,0,0,1.756304628,0,0,10.21305479,0,0,15.44142256,0,0,-0.142098957,0.165727527,1,4.253664254,2,2,0,0,0,0.253664254,2,2,2,0,1,0,0,0.253664254,2.678632077,0,-0.930451438,15.33718724,0,2,2,0,0,0,0,0,0,0,0,0,0,0,0,0,0
19,P407,495000,5.694605199,-0.715367965,71,0.2,28.3,71,0.14,13.2,1,1.428571429,2.143939394,0.249,1,0,10,12220,7.748309012,0.128523115,-0.235390925,0.414708392,9.402481901,65.62614848,59.06676135,27.52198552,0.068258999,-0.393916853,0.393916853,0.068258999,1.202931403,1.44024819,1.44024819,16.30701809,10.72711423,1.639447733,-1.74896685,1.466007961,-1.892801971,4.131602704,0.166640051,1.37293752,2.118012917,9.260791316,3.634963227,2.529390418,2.529390418,2.004477969,1.240914676,1.240914676,0.595450408,0.595450408,0.141657719,0.141657719,0,0,-0.08,7.564183776,4.173664254,2.731046015,2.427328507,26.30721894,10.21305479,0,0,0,0,0,0,1.756304628,0,13.08619222,10.21305479,0,0,0,3.304662706,11.53783415,0,0,23.29924701,0,1.756304628,0,40.46,1.548358077,0,11.53783415,0,0,1.756304628,0,0,10.21305479,0,0,15.44142256,0,0,-0.142098957,0.165727527,1,4.253664254,2,2,0,0,0,0.253664254,2,2,2,0,1,0,0,0.253664254,2.678632077,0,-0.930451438,15.33718724,0,2,2,0,0,0,0,0,0,0,0,0,0,0,0,0,0
20,P407,403000,5.605305046,-0.44017094,76,0.21,22.7,76,0.14,11.7,1,1.5,1.94017094,0.295,1,0,20,12220,7.748309012,0.128523115,-0.235390925,0.414708392,9.402481901,65.62614848,59.06676135,27.52198552,0.068258999,-0.393916853,0.393916853,0.068258999,1.202931403,1.44024819,1.44024819,16.30701809,10.72711423,1.639447733,-1.74896685,1.466007961,-1.892801971,4.131602704,0.166640051,1.37293752,2.118012917,9.260791316,3.634963227,2.529390418,2.529390418,2.004477969,1.240914676,1.240914676,0.595450408,0.595450408,0.141657719,0.141657719,0,0,-0.08,7.564183776,4.173664254,2.731046015,2.427328507,26.30721894,10.21305479,0,0,0,0,0,0,1.756304628,0,13.08619222,10.21305479,0,0,0,3.304662706,11.53783415,0,0,23.29924701,0,1.756304628,0,40.46,1.548358077,0,11.53783415,0,0,1.756304628,0,0,10.21305479,0,0,15.44142256,0,0,-0.142098957,0.165727527,1,4.253664254,2,2,0,0,0,0.253664254,2,2,2,0,1,0,0,0.253664254,2.678632077,0,-0.930451438,15.33718724,0,2,2,0,0,0,0,0,0,0,0,0,0,0,0,0,0
21,4 arm PEG10K,116400,5.06595298,2.484439256,121,0.25,67.3,71,0.1,93.5,1.704225352,2.5,0.719786096,0.079,4,1,1,10000,7.625,0.125,-0.125,0.407527891,7.5,62.068,56.02,26,0.06622664,-0.393990542,0.393990542,0.06622664,1,1.25,1.25,16.30425825,10.81832367,1.575298676,-1.699066797,1.392607251,-1.84530091,4.062481069,0.185938562,1.370950594,1.974744871,6,3.414213562,2.308640753,2.308640753,1.914213562,1.132455532,1.132455532,0.447213595,0.447213595,0.1,0.1,0,0,-0.08,6.854752972,3.92,2.92,1.92,24.69266065,10.21305479,0,0,0,0,0,0,0,0,13.21376393,10.21305479,0,0,0,0,13.21376393,0,0,23.42681872,0,0,0,40.46,0,0,13.21376393,0,0,0,0,0,10.21305479,0,0,15.25,0,0,0,-0.25,1,4,2,2,0,0,0,0,2,2,2,0,1,0,0,0,2.8616,0,-1.029,14.1716,0,2,2,0,0,0,0,0,0,0,0,0,0,0,0,0,0
22,4 arm PEG10K,214700,5.331832044,2.273230715,115,0.24,68.2,72,0.1,94.2,1.597222222,2.4,0.723991507,0.11,4,1,5,10000,7.625,0.125,-0.125,0.407527891,7.5,62.068,56.02,26,0.06622664,-0.393990542,0.393990542,0.06622664,1,1.25,1.25,16.30425825,10.81832367,1.575298676,-1.699066797,1.392607251,-1.84530091,4.062481069,0.185938562,1.370950594,1.974744871,6,3.414213562,2.308640753,2.308640753,1.914213562,1.132455532,1.132455532,0.447213595,0.447213595,0.1,0.1,0,0,-0.08,6.854752972,3.92,2.92,1.92,24.69266065,10.21305479,0,0,0,0,0,0,0,0,13.21376393,10.21305479,0,0,0,0,13.21376393,0,0,23.42681872,0,0,0,40.46,0,0,13.21376393,0,0,0,0,0,10.21305479,0,0,15.25,0,0,0,-0.25,1,4,2,2,0,0,0,0,2,2,2,0,1,0,0,0,2.8616,0,-1.029,14.1716,0,2,2,0,0,0,0,0,0,0,0,0,0,0,0,0,0
23,4 arm PEG10K,583200,5.765817515,1.983793984,108,0.21,70.4,77,0.09,93.6,1.402597403,2.333333333,0.752136752,0.144,4,1,10,10000,7.625,0.125,-0.125,0.407527891,7.5,62.068,56.02,26,0.06622664,-0.393990542,0.393990542,0.06622664,1,1.25,1.25,16.30425825,10.81832367,1.575298676,-1.699066797,1.392607251,-1.84530091,4.062481069,0.185938562,1.370950594,1.974744871,6,3.414213562,2.308640753,2.308640753,1.914213562,1.132455532,1.132455532,0.447213595,0.447213595,0.1,0.1,0,0,-0.08,6.854752972,3.92,2.92,1.92,24.69266065,10.21305479,0,0,0,0,0,0,0,0,13.21376393,10.21305479,0,0,0,0,13.21376393,0,0,23.42681872,0,0,0,40.46,0,0,13.21376393,0,0,0,0,0,10.21305479,0,0,15.25,0,0,0,-0.25,1,4,2,2,0,0,0,0,2,2,2,0,1,0,0,0,2.8616,0,-1.029,14.1716,0,2,2,0,0,0,0,0,0,0,0,0,0,0,0,0,0
24,4 arm PEG10K,212100,5.326540669,1.07044116,110,0.2,70.1,79,0.14,93.4,1.392405063,1.428571429,0.750535332,0.16,4,1,20,10000,7.625,0.125,-0.125,0.407527891,7.5,62.068,56.02,26,0.06622664,-0.393990542,0.393990542,0.06622664,1,1.25,1.25,16.30425825,10.81832367,1.575298676,-1.699066797,1.392607251,-1.84530091,4.062481069,0.185938562,1.370950594,1.974744871,6,3.414213562,2.308640753,2.308640753,1.914213562,1.132455532,1.132455532,0.447213595,0.447213595,0.1,0.1,0,0,-0.08,6.854752972,3.92,2.92,1.92,24.69266065,10.21305479,0,0,0,0,0,0,0,0,13.21376393,10.21305479,0,0,0,0,13.21376393,0,0,23.42681872,0,0,0,40.46,0,0,13.21376393,0,0,0,0,0,10.21305479,0,0,15.25,0,0,0,-0.25,1,4,2,2,0,0,0,0,2,2,2,0,1,0,0,0,2.8616,0,-1.029,14.1716,0,2,2,0,0,0,0,0,0,0,0,0,0,0,0,0,0
25,P335,68200,4.833784375,1.079971893,85,0.2,36.8,79,0.11,45.2,1.075949367,1.818181818,0.814159292,0.063,1,0,1,6500,7.858949926,0.131684284,-0.334440887,0.421151207,11.10951315,68.81875213,61.800515,28.88761052,0.070082565,-0.393850734,0.393850734,0.070082565,1.385014736,1.610951315,1.610951315,16.3094944,10.64527515,1.697006465,-1.793740444,1.531867881,-1.935423031,4.193623158,0.149324164,1.374720321,2.246562382,12.18658666,3.833034271,2.727461462,2.727461462,2.085469102,1.338231318,1.338231318,0.728458176,0.728458176,0.17903575,0.17903575,0,0,-0.08,8.200731514,4.40126842,2.561504136,2.882536841,27.75590628,10.21305479,0,0,0,0,0,0,3.332176065,0,12.97172654,10.21305479,0,0,0,6.269822327,10.03408028,0,0,23.18478133,0,3.332176065,0,40.46,2.937646261,0,10.03408028,0,0,3.332176065,0,0,10.21305479,0,0,15.61317941,0,0,-0.269599439,0.538745467,1,4.48126842,2,2,0,0,0,0.48126842,2,2,2,0,1,0,0,0.48126842,2.514461285,0,-0.842027219,16.38302839,0,2,2,0,0,0,0,0,0,0,0,0,0,0,0,0,0
26,P335,84400,4.926342447,0.372149457,66,0.18,23.9,67,0.15,29.4,0.985074627,1.2,0.81292517,0.137,1,0,5,6500,7.858949926,0.131684284,-0.334440887,0.421151207,11.10951315,68.81875213,61.800515,28.88761052,0.070082565,-0.393850734,0.393850734,0.070082565,1.385014736,1.610951315,1.610951315,16.3094944,10.64527515,1.697006465,-1.793740444,1.531867881,-1.935423031,4.193623158,0.149324164,1.374720321,2.246562382,12.18658666,3.833034271,2.727461462,2.727461462,2.085469102,1.338231318,1.338231318,0.728458176,0.728458176,0.17903575,0.17903575,0,0,-0.08,8.200731514,4.40126842,2.561504136,2.882536841,27.75590628,10.21305479,0,0,0,0,0,0,3.332176065,0,12.97172654,10.21305479,0,0,0,6.269822327,10.03408028,0,0,23.18478133,0,3.332176065,0,40.46,2.937646261,0,10.03408028,0,0,3.332176065,0,0,10.21305479,0,0,15.61317941,0,0,-0.269599439,0.538745467,1,4.48126842,2,2,0,0,0,0.48126842,2,2,2,0,1,0,0,0.48126842,2.514461285,0,-0.842027219,16.38302839,0,2,2,0,0,0,0,0,0,0,0,0,0,0,0,0,0
27,P335,146000,5.164352856,0.323039408,68,0.17,21.5,67,0.16,28.5,1.014925373,1.0625,0.754385965,0.184,1,0,10,6500,7.858949926,0.131684284,-0.334440887,0.421151207,11.10951315,68.81875213,61.800515,28.88761052,0.070082565,-0.393850734,0.393850734,0.070082565,1.385014736,1.610951315,1.610951315,16.3094944,10.64527515,1.697006465,-1.793740444,1.531867881,-1.935423031,4.193623158,0.149324164,1.374720321,2.246562382,12.18658666,3.833034271,2.727461462,2.727461462,2.085469102,1.338231318,1.338231318,0.728458176,0.728458176,0.17903575,0.17903575,0,0,-0.08,8.200731514,4.40126842,2.561504136,2.882536841,27.75590628,10.21305479,0,0,0,0,0,0,3.332176065,0,12.97172654,10.21305479,0,0,0,6.269822327,10.03408028,0,0,23.18478133,0,3.332176065,0,40.46,2.937646261,0,10.03408028,0,0,3.332176065,0,0,10.21305479,0,0,15.61317941,0,0,-0.269599439,0.538745467,1,4.48126842,2,2,0,0,0,0.48126842,2,2,2,0,1,0,0,0.48126842,2.514461285,0,-0.842027219,16.38302839,0,2,2,0,0,0,0,0,0,0,0,0,0,0,0,0,0
28,P335,36700,4.564666064,0.483435097,67,0.18,17.6,66,0.16,26.8,1.015151515,1.125,0.656716418,0.227,1,0,20,6500,7.858949926,0.131684284,-0.334440887,0.421151207,11.10951315,68.81875213,61.800515,28.88761052,0.070082565,-0.393850734,0.393850734,0.070082565,1.385014736,1.610951315,1.610951315,16.3094944,10.64527515,1.697006465,-1.793740444,1.531867881,-1.935423031,4.193623158,0.149324164,1.374720321,2.246562382,12.18658666,3.833034271,2.727461462,2.727461462,2.085469102,1.338231318,1.338231318,0.728458176,0.728458176,0.17903575,0.17903575,0,0,-0.08,8.200731514,4.40126842,2.561504136,2.882536841,27.75590628,10.21305479,0,0,0,0,0,0,3.332176065,0,12.97172654,10.21305479,0,0,0,6.269822327,10.03408028,0,0,23.18478133,0,3.332176065,0,40.46,2.937646261,0,10.03408028,0,0,3.332176065,0,0,10.21305479,0,0,15.61317941,0,0,-0.269599439,0.538745467,1,4.48126842,2,2,0,0,0,0.48126842,2,2,2,0,1,0,0,0.48126842,2.514461285,0,-0.842027219,16.38302839,0,2,2,0,0,0,0,0,0,0,0,0,0,0,0,0,0
29,PEG1K,53600,4.72916479,2.1396061,121,0.24,63.2,86,0.1,94.7,1.406976744,2.4,0.667370644,0.076,1,1,1,1000,7.625,0.125,-0.125,0.407527891,7.5,62.068,56.02,26,0.06622664,-0.393990542,0.393990542,0.06622664,1,1.25,1.25,16.30425825,10.81832367,1.575298676,-1.699066797,1.392607251,-1.84530091,4.062481069,0.185938562,1.370950594,1.974744871,6,3.414213562,2.308640753,2.308640753,1.914213562,1.132455532,1.132455532,0.447213595,0.447213595,0.1,0.1,0,0,-0.08,6.854752972,3.92,2.92,1.92,24.69266065,10.21305479,0,0,0,0,0,0,0,0,13.21376393,10.21305479,0,0,0,0,13.21376393,0,0,23.42681872,0,0,0,40.46,0,0,13.21376393,0,0,0,0,0,10.21305479,0,0,15.25,0,0,0,-0.25,1,4,2,2,0,0,0,0,2,2,2,0,1,0,0,0,2.8616,0,-1.029,14.1716,0,2,2,0,0,0,0,0,0,0,0,0,0,0,0,0,0
30,PEG1K,116000,5.064457989,2.306861721,124,0.23,64.5,87,0.09,95.7,1.425287356,2.555555556,0.673981191,0.081,1,1,5,1000,7.625,0.125,-0.125,0.407527891,7.5,62.068,56.02,26,0.06622664,-0.393990542,0.393990542,0.06622664,1,1.25,1.25,16.30425825,10.81832367,1.575298676,-1.699066797,1.392607251,-1.84530091,4.062481069,0.185938562,1.370950594,1.974744871,6,3.414213562,2.308640753,2.308640753,1.914213562,1.132455532,1.132455532,0.447213595,0.447213595,0.1,0.1,0,0,-0.08,6.854752972,3.92,2.92,1.92,24.69266065,10.21305479,0,0,0,0,0,0,0,0,13.21376393,10.21305479,0,0,0,0,13.21376393,0,0,23.42681872,0,0,0,40.46,0,0,13.21376393,0,0,0,0,0,10.21305479,0,0,15.25,0,0,0,-0.25,1,4,2,2,0,0,0,0,2,2,2,0,1,0,0,0,2.8616,0,-1.029,14.1716,0,2,2,0,0,0,0,0,0,0,0,0,0,0,0,0,0
31,PEG1K,101000,5.004321374,1.656677005,126,0.21,60.9,91,0.11,95.6,1.384615385,1.909090909,0.637029289,0.094,1,1,10,1000,7.625,0.125,-0.125,0.407527891,7.5,62.068,56.02,26,0.06622664,-0.393990542,0.393990542,0.06622664,1,1.25,1.25,16.30425825,10.81832367,1.575298676,-1.699066797,1.392607251,-1.84530091,4.062481069,0.185938562,1.370950594,1.974744871,6,3.414213562,2.308640753,2.308640753,1.914213562,1.132455532,1.132455532,0.447213595,0.447213595,0.1,0.1,0,0,-0.08,6.854752972,3.92,2.92,1.92,24.69266065,10.21305479,0,0,0,0,0,0,0,0,13.21376393,10.21305479,0,0,0,0,13.21376393,0,0,23.42681872,0,0,0,40.46,0,0,13.21376393,0,0,0,0,0,10.21305479,0,0,15.25,0,0,0,-0.25,1,4,2,2,0,0,0,0,2,2,2,0,1,0,0,0,2.8616,0,-1.029,14.1716,0,2,2,0,0,0,0,0,0,0,0,0,0,0,0,0,0
32,PEG1K,155000,5.190331698,2.166683322,118,0.21,66.4,95,0.08,94.8,1.242105263,2.625,0.700421941,0.103,1,1,20,1000,7.625,0.125,-0.125,0.407527891,7.5,62.068,56.02,26,0.06622664,-0.393990542,0.393990542,0.06622664,1,1.25,1.25,16.30425825,10.81832367,1.575298676,-1.699066797,1.392607251,-1.84530091,4.062481069,0.185938562,1.370950594,1.974744871,6,3.414213562,2.308640753,2.308640753,1.914213562,1.132455532,1.132455532,0.447213595,0.447213595,0.1,0.1,0,0,-0.08,6.854752972,3.92,2.92,1.92,24.69266065,10.21305479,0,0,0,0,0,0,0,0,13.21376393,10.21305479,0,0,0,0,13.21376393,0,0,23.42681872,0,0,0,40.46,0,0,13.21376393,0,0,0,0,0,10.21305479,0,0,15.25,0,0,0,-0.25,1,4,2,2,0,0,0,0,2,2,2,0,1,0,0,0,2.8616,0,-1.029,14.1716,0,2,2,0,0,0,0,0,0,0,0,0,0,0,0,0,0
33,PEG20K,60200,4.779596491,2.081608024,105,0.23,61.8,73,0.1,94.1,1.438356164,2.3,0.65674814,0.068,1,1,1,20000,7.625,0.125,-0.125,0.407527891,7.5,62.068,56.02,26,0.06622664,-0.393990542,0.393990542,0.06622664,1,1.25,1.25,16.30425825,10.81832367,1.575298676,-1.699066797,1.392607251,-1.84530091,4.062481069,0.185938562,1.370950594,1.974744871,6,3.414213562,2.308640753,2.308640753,1.914213562,1.132455532,1.132455532,0.447213595,0.447213595,0.1,0.1,0,0,-0.08,6.854752972,3.92,2.92,1.92,24.69266065,10.21305479,0,0,0,0,0,0,0,0,13.21376393,10.21305479,0,0,0,0,13.21376393,0,0,23.42681872,0,0,0,40.46,0,0,13.21376393,0,0,0,0,0,10.21305479,0,0,15.25,0,0,0,-0.25,1,4,2,2,0,0,0,0,2,2,2,0,1,0,0,0,2.8616,0,-1.029,14.1716,0,2,2,0,0,0,0,0,0,0,0,0,0,0,0,0,0
34,PEG20K,301000,5.478566496,1.946266015,100,0.22,81.3,74,0.09,95.7,1.351351351,2.444444444,0.849529781,0.095,1,1,5,20000,7.625,0.125,-0.125,0.407527891,7.5,62.068,56.02,26,0.06622664,-0.393990542,0.393990542,0.06622664,1,1.25,1.25,16.30425825,10.81832367,1.575298676,-1.699066797,1.392607251,-1.84530091,4.062481069,0.185938562,1.370950594,1.974744871,6,3.414213562,2.308640753,2.308640753,1.914213562,1.132455532,1.132455532,0.447213595,0.447213595,0.1,0.1,0,0,-0.08,6.854752972,3.92,2.92,1.92,24.69266065,10.21305479,0,0,0,0,0,0,0,0,13.21376393,10.21305479,0,0,0,0,13.21376393,0,0,23.42681872,0,0,0,40.46,0,0,13.21376393,0,0,0,0,0,10.21305479,0,0,15.25,0,0,0,-0.25,1,4,2,2,0,0,0,0,2,2,2,0,1,0,0,0,2.8616,0,-1.029,14.1716,0,2,2,0,0,0,0,0,0,0,0,0,0,0,0,0,0
35,PEG20K,71600,4.854913022,2.16332736,93,0.21,63.8,77,0.08,95.3,1.207792208,2.625,0.669464848,0.103,1,1,10,20000,7.625,0.125,-0.125,0.407527891,7.5,62.068,56.02,26,0.06622664,-0.393990542,0.393990542,0.06622664,1,1.25,1.25,16.30425825,10.81832367,1.575298676,-1.699066797,1.392607251,-1.84530091,4.062481069,0.185938562,1.370950594,1.974744871,6,3.414213562,2.308640753,2.308640753,1.914213562,1.132455532,1.132455532,0.447213595,0.447213595,0.1,0.1,0,0,-0.08,6.854752972,3.92,2.92,1.92,24.69266065,10.21305479,0,0,0,0,0,0,0,0,13.21376393,10.21305479,0,0,0,0,13.21376393,0,0,23.42681872,0,0,0,40.46,0,0,13.21376393,0,0,0,0,0,10.21305479,0,0,15.25,0,0,0,-0.25,1,4,2,2,0,0,0,0,2,2,2,0,1,0,0,0,2.8616,0,-1.029,14.1716,0,2,2,0,0,0,0,0,0,0,0,0,0,0,0,0,0
36,PEG20K,38000,4.579783597,1.988907716,91,0.2,62.2,80,0.08,95.9,1.1375,2.5,0.648592284,0.111,1,1,20,20000,7.625,0.125,-0.125,0.407527891,7.5,62.068,56.02,26,0.06622664,-0.393990542,0.393990542,0.06622664,1,1.25,1.25,16.30425825,10.81832367,1.575298676,-1.699066797,1.392607251,-1.84530091,4.062481069,0.185938562,1.370950594,1.974744871,6,3.414213562,2.308640753,2.308640753,1.914213562,1.132455532,1.132455532,0.447213595,0.447213595,0.1,0.1,0,0,-0.08,6.854752972,3.92,2.92,1.92,24.69266065,10.21305479,0,0,0,0,0,0,0,0,13.21376393,10.21305479,0,0,0,0,13.21376393,0,0,23.42681872,0,0,0,40.46,0,0,13.21376393,0,0,0,0,0,10.21305479,0,0,15.25,0,0,0,-0.25,1,4,2,2,0,0,0,0,2,2,2,0,1,0,0,0,2.8616,0,-1.029,14.1716,0,2,2,0,0,0,0,0,0,0,0,0,0,0,0,0,0
37,PEG2K,196000,5.292256071,1.900667408,114,0.23,68.2,87,0.1,96.1,1.310344828,2.3,0.709677419,0.073,1,1,1,2000,7.625,0.125,-0.125,0.407527891,7.5,62.068,56.02,26,0.06622664,-0.393990542,0.393990542,0.06622664,1,1.25,1.25,16.30425825,10.81832367,1.575298676,-1.699066797,1.392607251,-1.84530091,4.062481069,0.185938562,1.370950594,1.974744871,6,3.414213562,2.308640753,2.308640753,1.914213562,1.132455532,1.132455532,0.447213595,0.447213595,0.1,0.1,0,0,-0.08,6.854752972,3.92,2.92,1.92,24.69266065,10.21305479,0,0,0,0,0,0,0,0,13.21376393,10.21305479,0,0,0,0,13.21376393,0,0,23.42681872,0,0,0,40.46,0,0,13.21376393,0,0,0,0,0,10.21305479,0,0,15.25,0,0,0,-0.25,1,4,2,2,0,0,0,0,2,2,2,0,1,0,0,0,2.8616,0,-1.029,14.1716,0,2,2,0,0,0,0,0,0,0,0,0,0,0,0,0,0
38,PEG2K,267000,5.426511261,1.290693861,116,0.21,70.1,91,0.12,95.5,1.274725275,1.75,0.734031414,0.082,1,1,5,2000,7.625,0.125,-0.125,0.407527891,7.5,62.068,56.02,26,0.06622664,-0.393990542,0.393990542,0.06622664,1,1.25,1.25,16.30425825,10.81832367,1.575298676,-1.699066797,1.392607251,-1.84530091,4.062481069,0.185938562,1.370950594,1.974744871,6,3.414213562,2.308640753,2.308640753,1.914213562,1.132455532,1.132455532,0.447213595,0.447213595,0.1,0.1,0,0,-0.08,6.854752972,3.92,2.92,1.92,24.69266065,10.21305479,0,0,0,0,0,0,0,0,13.21376393,10.21305479,0,0,0,0,13.21376393,0,0,23.42681872,0,0,0,40.46,0,0,13.21376393,0,0,0,0,0,10.21305479,0,0,15.25,0,0,0,-0.25,1,4,2,2,0,0,0,0,2,2,2,0,1,0,0,0,2.8616,0,-1.029,14.1716,0,2,2,0,0,0,0,0,0,0,0,0,0,0,0,0,0
39,PEG2K,335000,5.525044807,1.112502762,109,0.22,71.2,93,0.13,94.7,1.172043011,1.692307692,0.751847941,0.089,1,1,10,2000,7.625,0.125,-0.125,0.407527891,7.5,62.068,56.02,26,0.06622664,-0.393990542,0.393990542,0.06622664,1,1.25,1.25,16.30425825,10.81832367,1.575298676,-1.699066797,1.392607251,-1.84530091,4.062481069,0.185938562,1.370950594,1.974744871,6,3.414213562,2.308640753,2.308640753,1.914213562,1.132455532,1.132455532,0.447213595,0.447213595,0.1,0.1,0,0,-0.08,6.854752972,3.92,2.92,1.92,24.69266065,10.21305479,0,0,0,0,0,0,0,0,13.21376393,10.21305479,0,0,0,0,13.21376393,0,0,23.42681872,0,0,0,40.46,0,0,13.21376393,0,0,0,0,0,10.21305479,0,0,15.25,0,0,0,-0.25,1,4,2,2,0,0,0,0,2,2,2,0,1,0,0,0,2.8616,0,-1.029,14.1716,0,2,2,0,0,0,0,0,0,0,0,0,0,0,0,0,0
40,PEG2K,241000,5.382017043,0.976265823,108,0.19,69.4,96,0.12,94.8,1.125,1.583333333,0.732067511,0.096,1,1,20,2000,7.625,0.125,-0.125,0.407527891,7.5,62.068,56.02,26,0.06622664,-0.393990542,0.393990542,0.06622664,1,1.25,1.25,16.30425825,10.81832367,1.575298676,-1.699066797,1.392607251,-1.84530091,4.062481069,0.185938562,1.370950594,1.974744871,6,3.414213562,2.308640753,2.308640753,1.914213562,1.132455532,1.132455532,0.447213595,0.447213595,0.1,0.1,0,0,-0.08,6.854752972,3.92,2.92,1.92,24.69266065,10.21305479,0,0,0,0,0,0,0,0,13.21376393,10.21305479,0,0,0,0,13.21376393,0,0,23.42681872,0,0,0,40.46,0,0,13.21376393,0,0,0,0,0,10.21305479,0,0,15.25,0,0,0,-0.25,1,4,2,2,0,0,0,0,2,2,2,0,1,0,0,0,2.8616,0,-1.029,14.1716,0,2,2,0,0,0,0,0,0,0,0,0,0,0,0,0,0
41,PEI,89900,4.953759692,3.103944156,156,0.24,62.3,87,0.08,90.4,1.793103448,3,0.689159292,0.032,1,1,1,25000,3,1.25,1.25,0.366138809,24,43.069,38.029,18,0.007722976,-0.314205753,0.314205753,0.007722976,1.333333333,1.666666667,1.666666667,15.00833452,11.011,1.907807583,-1.21429036,1.645662315,-1.558762315,4.582907405,1.343092595,1.459147917,2.25,7.509775004,2.121320344,1.914213562,1.914213562,1.5,1.207106781,1.207106781,0.75,0.75,0.25,0.25,0,0,-0.04,8.754887502,1.297837838,0.206165084,0.003402778,19.64822417,5.316788604,0,0,0,0,0,0,0,13.08951281,0,0,0,5.316788604,0,0,13.08951281,0,5.316788604,13.08951281,0,0,0,21.94,0,0,0,0,0,13.08951281,0,5.316788604,0,0,0,3,0,0,0,2.5,1,3,1,1,1,1,0,0,1,1,1,1,0,1,1,0,0.089189616,1,-0.4104,12.8697,0,0,0,0,0,0,0,0,1,0,0,0,0,0,0,0,0
42,PEI,72300,4.859138297,4.483209813,124,0.23,63.8,78,0.05,90.3,1.58974359,4.6,0.706533776,0.036,1,1,5,25000,3,1.25,1.25,0.366138809,24,43.069,38.029,18,0.007722976,-0.314205753,0.314205753,0.007722976,1.333333333,1.666666667,1.666666667,15.00833452,11.011,1.907807583,-1.21429036,1.645662315,-1.558762315,4.582907405,1.343092595,1.459147917,2.25,7.509775004,2.121320344,1.914213562,1.914213562,1.5,1.207106781,1.207106781,0.75,0.75,0.25,0.25,0,0,-0.04,8.754887502,1.297837838,0.206165084,0.003402778,19.64822417,5.316788604,0,0,0,0,0,0,0,13.08951281,0,0,0,5.316788604,0,0,13.08951281,0,5.316788604,13.08951281,0,0,0,21.94,0,0,0,0,0,13.08951281,0,5.316788604,0,0,0,3,0,0,0,2.5,1,3,1,1,1,1,0,0,1,1,1,1,0,1,1,0,0.089189616,1,-0.4104,12.8697,0,0,0,0,0,0,0,0,1,0,0,0,0,0,0,0,0
43,PEI,96600,4.984977126,5.626495382,117,0.23,64.2,73,0.04,88.4,1.602739726,5.75,0.726244344,0.039,1,1,10,25000,3,1.25,1.25,0.366138809,24,43.069,38.029,18,0.007722976,-0.314205753,0.314205753,0.007722976,1.333333333,1.666666667,1.666666667,15.00833452,11.011,1.907807583,-1.21429036,1.645662315,-1.558762315,4.582907405,1.343092595,1.459147917,2.25,7.509775004,2.121320344,1.914213562,1.914213562,1.5,1.207106781,1.207106781,0.75,0.75,0.25,0.25,0,0,-0.04,8.754887502,1.297837838,0.206165084,0.003402778,19.64822417,5.316788604,0,0,0,0,0,0,0,13.08951281,0,0,0,5.316788604,0,0,13.08951281,0,5.316788604,13.08951281,0,0,0,21.94,0,0,0,0,0,13.08951281,0,5.316788604,0,0,0,3,0,0,0,2.5,1,3,1,1,1,1,0,0,1,1,1,1,0,1,1,0,0.089189616,1,-0.4104,12.8697,0,0,0,0,0,0,0,0,1,0,0,0,0,0,0,0,0
44,PEI,120000,5.079181246,3.133507245,110,0.21,66.1,79,0.06,87.1,1.392405063,3.5,0.758897819,0.036,1,1,20,25000,3,1.25,1.25,0.366138809,24,43.069,38.029,18,0.007722976,-0.314205753,0.314205753,0.007722976,1.333333333,1.666666667,1.666666667,15.00833452,11.011,1.907807583,-1.21429036,1.645662315,-1.558762315,4.582907405,1.343092595,1.459147917,2.25,7.509775004,2.121320344,1.914213562,1.914213562,1.5,1.207106781,1.207106781,0.75,0.75,0.25,0.25,0,0,-0.04,8.754887502,1.297837838,0.206165084,0.003402778,19.64822417,5.316788604,0,0,0,0,0,0,0,13.08951281,0,0,0,5.316788604,0,0,13.08951281,0,5.316788604,13.08951281,0,0,0,21.94,0,0,0,0,0,13.08951281,0,5.316788604,0,0,0,3,0,0,0,2.5,1,3,1,1,1,1,0,0,1,1,1,1,0,1,1,0,0.089189616,1,-0.4104,12.8697,0,0,0,0,0,0,0,0,1,0,0,0,0,0,0,0,0
45,PLA(Mw: 10K),164000,5.214843848,1.013179388,142,0.19,58.3,112,0.13,81.4,1.267857143,1.461538462,0.716216216,0.096,1,-1,1,10000,9.449074074,1.185185185,-1.231481481,0.453935951,13.66666667,90.078,84.03,36,0.33172308,-0.479335599,0.479335599,0.33172308,1.833333333,2,2,16.39873526,10.4339672,2.009807514,-1.885487346,1.72919232,-2.130994801,5.706957286,-0.145057558,1.360964047,3.257586161,57.05865003,5.154700538,3.380025751,3.380025751,2.64273441,1.551955237,1.551955237,1.014211137,1.014211137,0.35739023,0.35739023,0,0,-0.57,13.60964047,5.43,1.76763384,1.72154519,35.21912486,10.21305479,6.103966388,0,5.969305288,0,4.794537184,0,6.9237372,0,0,15.00759197,5.969305288,0,0,13.02770359,0,0,0,22.28632647,4.794537184,6.9237372,0,57.53,12.07327168,4.794537184,0,0,0,6.9237372,0,0,10.21305479,0,9.449074074,15.77083333,0,-1.185185185,-1.231481481,1.196759259,0.666666667,6,2,3,0,0,0,1,2,2,3,0,1,0,0,1,1.599708625,0,-0.5482,19.3166,1,1,1,1,1,1,0,0,0,0,0,0,0,0,0,0,0
46,PLA(Mw: 10K),371000,5.56937391,1.378743617,137,0.22,60.9,105,0.12,80.2,1.304761905,1.833333333,0.759351621,0.087,1,-1,5,10000,9.449074074,1.185185185,-1.231481481,0.453935951,13.66666667,90.078,84.03,36,0.33172308,-0.479335599,0.479335599,0.33172308,1.833333333,2,2,16.39873526,10.4339672,2.009807514,-1.885487346,1.72919232,-2.130994801,5.706957286,-0.145057558,1.360964047,3.257586161,57.05865003,5.154700538,3.380025751,3.380025751,2.64273441,1.551955237,1.551955237,1.014211137,1.014211137,0.35739023,0.35739023,0,0,-0.57,13.60964047,5.43,1.76763384,1.72154519,35.21912486,10.21305479,6.103966388,0,5.969305288,0,4.794537184,0,6.9237372,0,0,15.00759197,5.969305288,0,0,13.02770359,0,0,0,22.28632647,4.794537184,6.9237372,0,57.53,12.07327168,4.794537184,0,0,0,6.9237372,0,0,10.21305479,0,9.449074074,15.77083333,0,-1.185185185,-1.231481481,1.196759259,0.666666667,6,2,3,0,0,0,1,2,2,3,0,1,0,0,1,1.599708625,0,-0.5482,19.3166,1,1,1,1,1,1,0,0,0,0,0,0,0,0,0,0,0
47,PLA(Mw: 10K),362000,5.558708571,1.551657482,133,0.21,61.4,94,0.11,79.5,1.414893617,1.909090909,0.772327044,0.088,1,-1,10,10000,9.449074074,1.185185185,-1.231481481,0.453935951,13.66666667,90.078,84.03,36,0.33172308,-0.479335599,0.479335599,0.33172308,1.833333333,2,2,16.39873526,10.4339672,2.009807514,-1.885487346,1.72919232,-2.130994801,5.706957286,-0.145057558,1.360964047,3.257586161,57.05865003,5.154700538,3.380025751,3.380025751,2.64273441,1.551955237,1.551955237,1.014211137,1.014211137,0.35739023,0.35739023,0,0,-0.57,13.60964047,5.43,1.76763384,1.72154519,35.21912486,10.21305479,6.103966388,0,5.969305288,0,4.794537184,0,6.9237372,0,0,15.00759197,5.969305288,0,0,13.02770359,0,0,0,22.28632647,4.794537184,6.9237372,0,57.53,12.07327168,4.794537184,0,0,0,6.9237372,0,0,10.21305479,0,9.449074074,15.77083333,0,-1.185185185,-1.231481481,1.196759259,0.666666667,6,2,3,0,0,0,1,2,2,3,0,1,0,0,1,1.599708625,0,-0.5482,19.3166,1,1,1,1,1,1,0,0,0,0,0,0,0,0,0,0,0
48,PLA(Mw: 10K),215000,5.33243846,1.576676826,131,0.21,60.6,91,0.11,78.5,1.43956044,1.909090909,0.771974522,0.094,1,-1,20,10000,9.449074074,1.185185185,-1.231481481,0.453935951,13.66666667,90.078,84.03,36,0.33172308,-0.479335599,0.479335599,0.33172308,1.833333333,2,2,16.39873526,10.4339672,2.009807514,-1.885487346,1.72919232,-2.130994801,5.706957286,-0.145057558,1.360964047,3.257586161,57.05865003,5.154700538,3.380025751,3.380025751,2.64273441,1.551955237,1.551955237,1.014211137,1.014211137,0.35739023,0.35739023,0,0,-0.57,13.60964047,5.43,1.76763384,1.72154519,35.21912486,10.21305479,6.103966388,0,5.969305288,0,4.794537184,0,6.9237372,0,0,15.00759197,5.969305288,0,0,13.02770359,0,0,0,22.28632647,4.794537184,6.9237372,0,57.53,12.07327168,4.794537184,0,0,0,6.9237372,0,0,10.21305479,0,9.449074074,15.77083333,0,-1.185185185,-1.231481481,1.196759259,0.666666667,6,2,3,0,0,0,1,2,2,3,0,1,0,0,1,1.599708625,0,-0.5482,19.3166,1,1,1,1,1,1,0,0,0,0,0,0,0,0,0,0,0
49,PLA2K-PEG5K,197000,5.294466226,1.426673767,142,0.25,69.3,101,0.13,76.8,1.405940594,1.923076923,0.90234375,0.09,1,0,1,7000,8.104337479,0.403599702,-0.415765628,0.419723187,9.120501325,69.4285798,63.3805798,28.62783999,0.135994856,-0.416417857,0.416417857,0.135994856,1.218986665,1.447087999,1.447087999,16.3290853,10.71732094,1.689480646,-1.748055134,1.481056421,-1.920376693,4.494623105,0.098958078,1.368326289,2.311855035,19.41739622,3.871585689,2.590183587,2.590183587,2.105657183,1.242693342,1.242693342,0.596211476,0.596211476,0.167638034,0.167638034,0,0,-0.208764159,8.629829319,4.316803838,2.617176613,1.867849251,27.45884701,10.21305479,1.604024695,0,1.568637912,0,1.259927652,0,1.819447346,0,9.741398208,11.47298244,1.568637912,0,0,3.423472041,9.741398208,0,0,23.12711561,1.259927652,1.819447346,0,44.94572286,3.172662608,1.259927652,9.741398208,0,0,1.819447346,0,0,10.21305479,0,2.483065468,15.38686667,0,-0.311447702,-0.323613628,0.130185183,0.912405334,4.525567997,2,2.262783999,0,0,0,0.262783999,2,2,2.262783999,0,1,0,0,0.262783999,2.529995139,0,-0.902653453,15.52362367,0.262783999,1.737216001,1.737216001,0.262783999,0.262783999,0.262783999,0,0,0,0,0,0,0,0,0,0,0
50,PLA2K-PEG5K,454000,5.657055853,1.092234829,130,0.23,72.2,100,0.13,73.9,1.3,1.769230769,0.97699594,0.162,1,0,5,7000,8.104337479,0.403599702,-0.415765628,0.419723187,9.120501325,69.4285798,63.3805798,28.62783999,0.135994856,-0.416417857,0.416417857,0.135994856,1.218986665,1.447087999,1.447087999,16.3290853,10.71732094,1.689480646,-1.748055134,1.481056421,-1.920376693,4.494623105,0.098958078,1.368326289,2.311855035,19.41739622,3.871585689,2.590183587,2.590183587,2.105657183,1.242693342,1.242693342,0.596211476,0.596211476,0.167638034,0.167638034,0,0,-0.208764159,8.629829319,4.316803838,2.617176613,1.867849251,27.45884701,10.21305479,1.604024695,0,1.568637912,0,1.259927652,0,1.819447346,0,9.741398208,11.47298244,1.568637912,0,0,3.423472041,9.741398208,0,0,23.12711561,1.259927652,1.819447346,0,44.94572286,3.172662608,1.259927652,9.741398208,0,0,1.819447346,0,0,10.21305479,0,2.483065468,15.38686667,0,-0.311447702,-0.323613628,0.130185183,0.912405334,4.525567997,2,2.262783999,0,0,0,0.262783999,2,2,2.262783999,0,1,0,0,0.262783999,2.529995139,0,-0.902653453,15.52362367,0.262783999,1.737216001,1.737216001,0.262783999,0.262783999,0.262783999,0,0,0,0,0,0,0,0,0,0,0
51,PLA2K-PEG5K,540000,5.73239376,1.082925675,124,0.21,70.3,95,0.12,72.3,1.305263158,1.75,0.972337483,0.211,1,0,10,7000,8.104337479,0.403599702,-0.415765628,0.419723187,9.120501325,69.4285798,63.3805798,28.62783999,0.135994856,-0.416417857,0.416417857,0.135994856,1.218986665,1.447087999,1.447087999,16.3290853,10.71732094,1.689480646,-1.748055134,1.481056421,-1.920376693,4.494623105,0.098958078,1.368326289,2.311855035,19.41739622,3.871585689,2.590183587,2.590183587,2.105657183,1.242693342,1.242693342,0.596211476,0.596211476,0.167638034,0.167638034,0,0,-0.208764159,8.629829319,4.316803838,2.617176613,1.867849251,27.45884701,10.21305479,1.604024695,0,1.568637912,0,1.259927652,0,1.819447346,0,9.741398208,11.47298244,1.568637912,0,0,3.423472041,9.741398208,0,0,23.12711561,1.259927652,1.819447346,0,44.94572286,3.172662608,1.259927652,9.741398208,0,0,1.819447346,0,0,10.21305479,0,2.483065468,15.38686667,0,-0.311447702,-0.323613628,0.130185183,0.912405334,4.525567997,2,2.262783999,0,0,0,0.262783999,2,2,2.262783999,0,1,0,0,0.262783999,2.529995139,0,-0.902653453,15.52362367,0.262783999,1.737216001,1.737216001,0.262783999,0.262783999,0.262783999,0,0,0,0,0,0,0,0,0,0,0
52,PLA2K-PEG5K,266000,5.424881637,0.870967742,112,0.2,71.4,93,0.12,71.4,1.204301075,1.666666667,1,0.235,1,0,20,7000,8.104337479,0.403599702,-0.415765628,0.419723187,9.120501325,69.4285798,63.3805798,28.62783999,0.135994856,-0.416417857,0.416417857,0.135994856,1.218986665,1.447087999,1.447087999,16.3290853,10.71732094,1.689480646,-1.748055134,1.481056421,-1.920376693,4.494623105,0.098958078,1.368326289,2.311855035,19.41739622,3.871585689,2.590183587,2.590183587,2.105657183,1.242693342,1.242693342,0.596211476,0.596211476,0.167638034,0.167638034,0,0,-0.208764159,8.629829319,4.316803838,2.617176613,1.867849251,27.45884701,10.21305479,1.604024695,0,1.568637912,0,1.259927652,0,1.819447346,0,9.741398208,11.47298244,1.568637912,0,0,3.423472041,9.741398208,0,0,23.12711561,1.259927652,1.819447346,0,44.94572286,3.172662608,1.259927652,9.741398208,0,0,1.819447346,0,0,10.21305479,0,2.483065468,15.38686667,0,-0.311447702,-0.323613628,0.130185183,0.912405334,4.525567997,2,2.262783999,0,0,0,0.262783999,2,2,2.262783999,0,1,0,0,0.262783999,2.529995139,0,-0.902653453,15.52362367,0.262783999,1.737216001,1.737216001,0.262783999,0.262783999,0.262783999,0,0,0,0,0,0,0,0,0,0,0
53,PLGA(50:50)(10-20K),115000,5.06069784,0.880275888,138,0.22,61.5,117,0.15,80.3,1.179487179,1.466666667,0.765877958,0.111,1,0,1,15000,9.297539488,0.998681078,-1.212407198,0.440055117,10.79789441,83.65668056,78.5315707,33.25330316,0.330407789,-0.479429525,0.479429525,0.330407789,1.818073906,2,2,16.39597841,10.58836086,1.923759376,-1.808897116,1.617201604,-2.062826041,5.690399117,-0.142574181,1.369121483,3.06980034,49.32169569,4.756318031,2.981643244,2.981643244,2.472128463,1.343918982,1.343918982,0.802551268,0.802551268,0.255703013,0.255703013,0,0,-0.57,11.7976647,4.972217193,1.746535248,2.503646429,32.30536379,10.21305479,6.334192493,0,5.969305288,0,4.794537184,0,3.754169347,0,0,15.00759197,5.969305288,0,0,7.063844867,3.024516974,0,0,22.51655257,4.794537184,3.754169347,0,57.53,12.30349778,2.599680492,0,0,0,3.754169347,0,0,12.40791148,0,9.297539488,15.42537686,0,-1.18730455,-0.667730431,0.292850151,0.590369532,5.542217193,2,3,0,0,0,0.542217193,2,2,3,0,1,0,0,0.542217193,1.565640618,0,-0.726048621,17.213088,1,1,1,1,1,1,0,0,0,0,0,0,0,0,0,0,0
54,PLGA(50:50)(10-20K),244000,5.387389826,0.935245789,125,0.21,66.3,110,0.13,81.2,1.136363636,1.615384615,0.816502463,0.108,1,0,5,15000,9.297539488,0.998681078,-1.212407198,0.440055117,10.79789441,83.65668056,78.5315707,33.25330316,0.330407789,-0.479429525,0.479429525,0.330407789,1.818073906,2,2,16.39597841,10.58836086,1.923759376,-1.808897116,1.617201604,-2.062826041,5.690399117,-0.142574181,1.369121483,3.06980034,49.32169569,4.756318031,2.981643244,2.981643244,2.472128463,1.343918982,1.343918982,0.802551268,0.802551268,0.255703013,0.255703013,0,0,-0.57,11.7976647,4.972217193,1.746535248,2.503646429,32.30536379,10.21305479,6.334192493,0,5.969305288,0,4.794537184,0,3.754169347,0,0,15.00759197,5.969305288,0,0,7.063844867,3.024516974,0,0,22.51655257,4.794537184,3.754169347,0,57.53,12.30349778,2.599680492,0,0,0,3.754169347,0,0,12.40791148,0,9.297539488,15.42537686,0,-1.18730455,-0.667730431,0.292850151,0.590369532,5.542217193,2,3,0,0,0,0.542217193,2,2,3,0,1,0,0,0.542217193,1.565640618,0,-0.726048621,17.213088,1,1,1,1,1,1,0,0,0,0,0,0,0,0,0,0,0
55,PLGA(50:50)(10-20K),177000,5.247973266,1.339157557,121,0.21,57.2,106,0.11,80.4,1.141509434,1.909090909,0.711442786,0.109,1,0,10,15000,9.297539488,0.998681078,-1.212407198,0.440055117,10.79789441,83.65668056,78.5315707,33.25330316,0.330407789,-0.479429525,0.479429525,0.330407789,1.818073906,2,2,16.39597841,10.58836086,1.923759376,-1.808897116,1.617201604,-2.062826041,5.690399117,-0.142574181,1.369121483,3.06980034,49.32169569,4.756318031,2.981643244,2.981643244,2.472128463,1.343918982,1.343918982,0.802551268,0.802551268,0.255703013,0.255703013,0,0,-0.57,11.7976647,4.972217193,1.746535248,2.503646429,32.30536379,10.21305479,6.334192493,0,5.969305288,0,4.794537184,0,3.754169347,0,0,15.00759197,5.969305288,0,0,7.063844867,3.024516974,0,0,22.51655257,4.794537184,3.754169347,0,57.53,12.30349778,2.599680492,0,0,0,3.754169347,0,0,12.40791148,0,9.297539488,15.42537686,0,-1.18730455,-0.667730431,0.292850151,0.590369532,5.542217193,2,3,0,0,0,0.542217193,2,2,3,0,1,0,0,0.542217193,1.565640618,0,-0.726048621,17.213088,1,1,1,1,1,1,0,0,0,0,0,0,0,0,0,0,0
56,PLGA(50:50)(10-20K),389000,5.589949601,1.189245026,114,0.2,60.1,102,0.11,80.5,1.117647059,1.818181818,0.746583851,0.098,1,0,20,15000,9.297539488,0.998681078,-1.212407198,0.440055117,10.79789441,83.65668056,78.5315707,33.25330316,0.330407789,-0.479429525,0.479429525,0.330407789,1.818073906,2,2,16.39597841,10.58836086,1.923759376,-1.808897116,1.617201604,-2.062826041,5.690399117,-0.142574181,1.369121483,3.06980034,49.32169569,4.756318031,2.981643244,2.981643244,2.472128463,1.343918982,1.343918982,0.802551268,0.802551268,0.255703013,0.255703013,0,0,-0.57,11.7976647,4.972217193,1.746535248,2.503646429,32.30536379,10.21305479,6.334192493,0,5.969305288,0,4.794537184,0,3.754169347,0,0,15.00759197,5.969305288,0,0,7.063844867,3.024516974,0,0,22.51655257,4.794537184,3.754169347,0,57.53,12.30349778,2.599680492,0,0,0,3.754169347,0,0,12.40791148,0,9.297539488,15.42537686,0,-1.18730455,-0.667730431,0.292850151,0.590369532,5.542217193,2,3,0,0,0,0.542217193,2,2,3,0,1,0,0,0.542217193,1.565640618,0,-0.726048621,17.213088,1,1,1,1,1,1,0,0,0,0,0,0,0,0,0,0,0
57,PPG(Mw: 3K),869000,5.939019776,1.572029443,112,0.1,72.4,84,0.05,95.1,1.333333333,2,0.761303891,0.081,1,-1,1,3000,8.111111111,0.138888889,-0.560185185,0.435834997,15,76.095,68.031,32,0.074238644,-0.393700042,0.393700042,0.074238644,1.8,2,2,16.31513815,10.4587561,1.828188298,-1.895783728,1.681968913,-2.032560487,4.334973682,0.109859609,1.378783493,2.539538861,18.85475297,4.28445705,3.178884241,3.178884241,2.27005561,1.560025215,1.560025215,1.031595552,1.031595552,0.264223844,0.264223844,0,0,-0.08,9.651484454,4.92,2.175102041,3.92,31.05760276,10.21305479,0,0,0,0,0,0,6.9237372,0,12.71084835,10.21305479,0,0,0,13.02770359,6.606881965,0,0,22.92390314,0,6.9237372,0,40.46,6.103966388,0,6.606881965,0,0,6.9237372,0,0,10.21305479,0,0,16.00462963,0,0,-0.560185185,1.388888889,1,5,2,2,0,0,0,1,2,2,2,0,1,0,0,1,2.140300408,0,-0.6405,18.7666,0,2,2,0,0,0,0,0,0,0,0,0,0,0,0,0,0
58,PPG(Mw: 3K),1760000,6.245512668,0.842926219,126,0.1,82.7,121,0.06,95.6,1.041322314,1.666666667,0.865062762,0.149,1,-1,5,3000,8.111111111,0.138888889,-0.560185185,0.435834997,15,76.095,68.031,32,0.074238644,-0.393700042,0.393700042,0.074238644,1.8,2,2,16.31513815,10.4587561,1.828188298,-1.895783728,1.681968913,-2.032560487,4.334973682,0.109859609,1.378783493,2.539538861,18.85475297,4.28445705,3.178884241,3.178884241,2.27005561,1.560025215,1.560025215,1.031595552,1.031595552,0.264223844,0.264223844,0,0,-0.08,9.651484454,4.92,2.175102041,3.92,31.05760276,10.21305479,0,0,0,0,0,0,6.9237372,0,12.71084835,10.21305479,0,0,0,13.02770359,6.606881965,0,0,22.92390314,0,6.9237372,0,40.46,6.103966388,0,6.606881965,0,0,6.9237372,0,0,10.21305479,0,0,16.00462963,0,0,-0.560185185,1.388888889,1,5,2,2,0,0,0,1,2,2,2,0,1,0,0,1,2.140300408,0,-0.6405,18.7666,0,2,2,0,0,0,0,0,0,0,0,0,0,0,0,0,0
59,PPG(Mw: 3K),1810000,6.257678575,0.646560847,129,0.09,82.9,126,0.06,94.5,1.023809524,1.5,0.877248677,0.14,1,-1,10,3000,8.111111111,0.138888889,-0.560185185,0.435834997,15,76.095,68.031,32,0.074238644,-0.393700042,0.393700042,0.074238644,1.8,2,2,16.31513815,10.4587561,1.828188298,-1.895783728,1.681968913,-2.032560487,4.334973682,0.109859609,1.378783493,2.539538861,18.85475297,4.28445705,3.178884241,3.178884241,2.27005561,1.560025215,1.560025215,1.031595552,1.031595552,0.264223844,0.264223844,0,0,-0.08,9.651484454,4.92,2.175102041,3.92,31.05760276,10.21305479,0,0,0,0,0,0,6.9237372,0,12.71084835,10.21305479,0,0,0,13.02770359,6.606881965,0,0,22.92390314,0,6.9237372,0,40.46,6.103966388,0,6.606881965,0,0,6.9237372,0,0,10.21305479,0,0,16.00462963,0,0,-0.560185185,1.388888889,1,5,2,2,0,0,0,1,2,2,2,0,1,0,0,1,2.140300408,0,-0.6405,18.7666,0,2,2,0,0,0,0,0,0,0,0,0,0,0,0,0,0
60,PPG(Mw: 3K),1930000,6.285557309,0.386460554,137,0.1,83.1,134,0.08,93.8,1.02238806,1.25,0.885927505,0.137,1,-1,20,3000,8.111111111,0.138888889,-0.560185185,0.435834997,15,76.095,68.031,32,0.074238644,-0.393700042,0.393700042,0.074238644,1.8,2,2,16.31513815,10.4587561,1.828188298,-1.895783728,1.681968913,-2.032560487,4.334973682,0.109859609,1.378783493,2.539538861,18.85475297,4.28445705,3.178884241,3.178884241,2.27005561,1.560025215,1.560025215,1.031595552,1.031595552,0.264223844,0.264223844,0,0,-0.08,9.651484454,4.92,2.175102041,3.92,31.05760276,10.21305479,0,0,0,0,0,0,6.9237372,0,12.71084835,10.21305479,0,0,0,13.02770359,6.606881965,0,0,22.92390314,0,6.9237372,0,40.46,6.103966388,0,6.606881965,0,0,6.9237372,0,0,10.21305479,0,0,16.00462963,0,0,-0.560185185,1.388888889,1,5,2,2,0,0,0,1,2,2,2,0,1,0,0,1,2.140300408,0,-0.6405,18.7666,0,2,2,0,0,0,0,0,0,0,0,0,0,0,0,0,0
61,PPG(Mw: 600),47400,4.675778342,4.265857354,141,0.25,59.6,81,0.06,92.9,1.740740741,4.166666667,0.641550054,0.103,1,-1,1,600,8.111111111,0.138888889,-0.560185185,0.435834997,15,76.095,68.031,32,0.074238644,-0.393700042,0.393700042,0.074238644,1.8,2,2,16.31513815,10.4587561,1.828188298,-1.895783728,1.681968913,-2.032560487,4.334973682,0.109859609,1.378783493,2.539538861,18.85475297,4.28445705,3.178884241,3.178884241,2.27005561,1.560025215,1.560025215,1.031595552,1.031595552,0.264223844,0.264223844,0,0,-0.08,9.651484454,4.92,2.175102041,3.92,31.05760276,10.21305479,0,0,0,0,0,0,6.9237372,0,12.71084835,10.21305479,0,0,0,13.02770359,6.606881965,0,0,22.92390314,0,6.9237372,0,40.46,6.103966388,0,6.606881965,0,0,6.9237372,0,0,10.21305479,0,0,16.00462963,0,0,-0.560185185,1.388888889,1,5,2,2,0,0,0,1,2,2,2,0,1,0,0,1,2.140300408,0,-0.6405,18.7666,0,2,2,0,0,0,0,0,0,0,0,0,0,0,0,0,0
62,PPG(Mw: 600),64600,4.810232518,5.268576759,137,0.26,60.4,80,0.05,93.8,1.7125,5.2,0.643923241,0.087,1,-1,5,600,8.111111111,0.138888889,-0.560185185,0.435834997,15,76.095,68.031,32,0.074238644,-0.393700042,0.393700042,0.074238644,1.8,2,2,16.31513815,10.4587561,1.828188298,-1.895783728,1.681968913,-2.032560487,4.334973682,0.109859609,1.378783493,2.539538861,18.85475297,4.28445705,3.178884241,3.178884241,2.27005561,1.560025215,1.560025215,1.031595552,1.031595552,0.264223844,0.264223844,0,0,-0.08,9.651484454,4.92,2.175102041,3.92,31.05760276,10.21305479,0,0,0,0,0,0,6.9237372,0,12.71084835,10.21305479,0,0,0,13.02770359,6.606881965,0,0,22.92390314,0,6.9237372,0,40.46,6.103966388,0,6.606881965,0,0,6.9237372,0,0,10.21305479,0,0,16.00462963,0,0,-0.560185185,1.388888889,1,5,2,2,0,0,0,1,2,2,2,0,1,0,0,1,2.140300408,0,-0.6405,18.7666,0,2,2,0,0,0,0,0,0,0,0,0,0,0,0,0,0
63,PPG(Mw: 600),62800,4.797959644,5.425818982,133,0.27,61.3,79,0.05,93.2,1.683544304,5.4,0.657725322,0.094,1,-1,10,600,8.111111111,0.138888889,-0.560185185,0.435834997,15,76.095,68.031,32,0.074238644,-0.393700042,0.393700042,0.074238644,1.8,2,2,16.31513815,10.4587561,1.828188298,-1.895783728,1.681968913,-2.032560487,4.334973682,0.109859609,1.378783493,2.539538861,18.85475297,4.28445705,3.178884241,3.178884241,2.27005561,1.560025215,1.560025215,1.031595552,1.031595552,0.264223844,0.264223844,0,0,-0.08,9.651484454,4.92,2.175102041,3.92,31.05760276,10.21305479,0,0,0,0,0,0,6.9237372,0,12.71084835,10.21305479,0,0,0,13.02770359,6.606881965,0,0,22.92390314,0,6.9237372,0,40.46,6.103966388,0,6.606881965,0,0,6.9237372,0,0,10.21305479,0,0,16.00462963,0,0,-0.560185185,1.388888889,1,5,2,2,0,0,0,1,2,2,2,0,1,0,0,1,2.140300408,0,-0.6405,18.7666,0,2,2,0,0,0,0,0,0,0,0,0,0,0,0,0,0
64,PPG(Mw: 600),31400,4.496929648,4.323008364,129,0.26,62.1,78,0.06,93.5,1.653846154,4.333333333,0.664171123,0.094,1,-1,20,600,8.111111111,0.138888889,-0.560185185,0.435834997,15,76.095,68.031,32,0.074238644,-0.393700042,0.393700042,0.074238644,1.8,2,2,16.31513815,10.4587561,1.828188298,-1.895783728,1.681968913,-2.032560487,4.334973682,0.109859609,1.378783493,2.539538861,18.85475297,4.28445705,3.178884241,3.178884241,2.27005561,1.560025215,1.560025215,1.031595552,1.031595552,0.264223844,0.264223844,0,0,-0.08,9.651484454,4.92,2.175102041,3.92,31.05760276,10.21305479,0,0,0,0,0,0,6.9237372,0,12.71084835,10.21305479,0,0,0,13.02770359,6.606881965,0,0,22.92390314,0,6.9237372,0,40.46,6.103966388,0,6.606881965,0,0,6.9237372,0,0,10.21305479,0,0,16.00462963,0,0,-0.560185185,1.388888889,1,5,2,2,0,0,0,1,2,2,2,0,1,0,0,1,2.140300408,0,-0.6405,18.7666,0,2,2,0,0,0,0,0,0,0,0,0,0,0,0,0,0
65,PPG-66-鐢樻补鑱氶啔-12,268000,5.428134794,1.676507892,135,0.23,76.3,74,0.14,96.5,1.824324324,1.642857143,0.790673575,0.088,3,0,1,2600,7.926604822,0.133617281,-0.395008126,0.425090871,12.15333154,70.77097087,63.47215535,29.72266523,0.071197641,-0.393810303,0.393810303,0.071197641,1.496355364,1.715333154,1.715333154,16.31100862,10.59523205,1.732202577,-1.821118677,1.572140017,-1.961485029,4.231547532,0.138735816,1.375810471,2.325168029,13.97565699,3.954151091,2.848578282,2.848578282,2.134993699,1.397738664,1.397738664,0.809789994,0.809789994,0.201891732,0.201891732,0,0,-0.08,8.589968814,4.540444205,2.457832378,3.160888411,28.6417521,10.21305479,0,0,0,0,0,0,4.295792625,0,12.90173287,10.21305479,0,0,0,8.0829632,9.1145623,0,0,23.11478766,0,4.295792625,0,40.46,3.787170575,0,9.1145623,0,0,4.295792625,0,0,10.21305479,0,0,15.71820558,0,0,-0.347563652,0.766839114,1,4.620444205,2,2,0,0,0,0.620444205,2,2,2,0,1,0,0,0.620444205,2.414073848,0,-0.787957426,17.02254112,0,2,2,0,0,0,0,0,0,0,0,0,0,0,0,0,0
66,PPG-66-鐢樻补鑱氶啔-12,224000,5.350248018,1.16072553,109,0.3,77.2,75,0.2,97.4,1.453333333,1.5,0.792607803,0.126,3,0,5,2600,7.926604822,0.133617281,-0.395008126,0.425090871,12.15333154,70.77097087,63.47215535,29.72266523,0.071197641,-0.393810303,0.393810303,0.071197641,1.496355364,1.715333154,1.715333154,16.31100862,10.59523205,1.732202577,-1.821118677,1.572140017,-1.961485029,4.231547532,0.138735816,1.375810471,2.325168029,13.97565699,3.954151091,2.848578282,2.848578282,2.134993699,1.397738664,1.397738664,0.809789994,0.809789994,0.201891732,0.201891732,0,0,-0.08,8.589968814,4.540444205,2.457832378,3.160888411,28.6417521,10.21305479,0,0,0,0,0,0,4.295792625,0,12.90173287,10.21305479,0,0,0,8.0829632,9.1145623,0,0,23.11478766,0,4.295792625,0,40.46,3.787170575,0,9.1145623,0,0,4.295792625,0,0,10.21305479,0,0,15.71820558,0,0,-0.347563652,0.766839114,1,4.620444205,2,2,0,0,0,0.620444205,2,2,2,0,1,0,0,0.620444205,2.414073848,0,-0.787957426,17.02254112,0,2,2,0,0,0,0,0,0,0,0,0,0,0,0,0,0
67,PPG-66-鐢樻补鑱氶啔-12,179000,5.252853031,1.122865033,106,0.34,73.4,81,0.21,91.2,1.308641975,1.619047619,0.804824561,0.122,3,0,10,2600,7.926604822,0.133617281,-0.395008126,0.425090871,12.15333154,70.77097087,63.47215535,29.72266523,0.071197641,-0.393810303,0.393810303,0.071197641,1.496355364,1.715333154,1.715333154,16.31100862,10.59523205,1.732202577,-1.821118677,1.572140017,-1.961485029,4.231547532,0.138735816,1.375810471,2.325168029,13.97565699,3.954151091,2.848578282,2.848578282,2.134993699,1.397738664,1.397738664,0.809789994,0.809789994,0.201891732,0.201891732,0,0,-0.08,8.589968814,4.540444205,2.457832378,3.160888411,28.6417521,10.21305479,0,0,0,0,0,0,4.295792625,0,12.90173287,10.21305479,0,0,0,8.0829632,9.1145623,0,0,23.11478766,0,4.295792625,0,40.46,3.787170575,0,9.1145623,0,0,4.295792625,0,0,10.21305479,0,0,15.71820558,0,0,-0.347563652,0.766839114,1,4.620444205,2,2,0,0,0,0.620444205,2,2,2,0,1,0,0,0.620444205,2.414073848,0,-0.787957426,17.02254112,0,2,2,0,0,0,0,0,0,0,0,0,0,0,0,0,0
68,PPG-66-鐢樻补鑱氶啔-12,223000,5.348304863,0.915310799,110,0.32,75.2,84,0.22,88.6,1.30952381,1.454545455,0.848758465,0.124,3,0,20,2600,7.926604822,0.133617281,-0.395008126,0.425090871,12.15333154,70.77097087,63.47215535,29.72266523,0.071197641,-0.393810303,0.393810303,0.071197641,1.496355364,1.715333154,1.715333154,16.31100862,10.59523205,1.732202577,-1.821118677,1.572140017,-1.961485029,4.231547532,0.138735816,1.375810471,2.325168029,13.97565699,3.954151091,2.848578282,2.848578282,2.134993699,1.397738664,1.397738664,0.809789994,0.809789994,0.201891732,0.201891732,0,0,-0.08,8.589968814,4.540444205,2.457832378,3.160888411,28.6417521,10.21305479,0,0,0,0,0,0,4.295792625,0,12.90173287,10.21305479,0,0,0,8.0829632,9.1145623,0,0,23.11478766,0,4.295792625,0,40.46,3.787170575,0,9.1145623,0,0,4.295792625,0,0,10.21305479,0,0,15.71820558,0,0,-0.347563652,0.766839114,1,4.620444205,2,2,0,0,0,0.620444205,2,2,2,0,1,0,0,0.620444205,2.414073848,0,-0.787957426,17.02254112,0,2,2,0,0,0,0,0,0,0,0,0,0,0,0,0,0
69,PVA(Mw: 27K),179000,5.252853031,2.712750076,154,0.26,62.1,86,0.1,91.6,1.790697674,2.6,0.677947598,0.069,1,1,1,27000,7.333333333,0.75,0.75,0.396456387,4,44.053,40.021,18,0.071934729,-0.516216209,0.516216209,0.071934729,2,2,2,16.24221061,11.19246318,1.11190626,-1.412909244,1.256670969,-1.245986448,4.375059121,0.475837238,0.918295834,2.187496097,10.26466251,2.707106781,1.731670646,1.731670646,1.414213562,0.66644718,0.66644718,0.182574186,0.182574186,0,0,0,0,-0.46,2.754887502,2.54,1.54,1.54,19.20882386,5.106527395,0,0,0,0,0,6.578935684,0,0,6.262080448,5.106527395,0,0,0,0,0,12.84101613,0,5.106527395,0,0,12.84101613,20.23,0,0,0,0,6.262080448,0,0,6.578935684,5.106527395,0,0,7.333333333,0,0,0.75,2.916666667,0,3,1,1,0,0,0,0,1,1,1,0,0,0,0,0,1.303866667,0,0.6879,12.8258,0,1,1,0,0,0,0,0,0,0,0,0,0,0,0,0,0
70,PVA(Mw: 27K),192000,5.283301229,2.172958824,146,0.24,63.8,86,0.11,90.3,1.697674419,2.181818182,0.706533776,0.144,1,1,5,27000,7.333333333,0.75,0.75,0.396456387,4,44.053,40.021,18,0.071934729,-0.516216209,0.516216209,0.071934729,2,2,2,16.24221061,11.19246318,1.11190626,-1.412909244,1.256670969,-1.245986448,4.375059121,0.475837238,0.918295834,2.187496097,10.26466251,2.707106781,1.731670646,1.731670646,1.414213562,0.66644718,0.66644718,0.182574186,0.182574186,0,0,0,0,-0.46,2.754887502,2.54,1.54,1.54,19.20882386,5.106527395,0,0,0,0,0,6.578935684,0,0,6.262080448,5.106527395,0,0,0,0,0,12.84101613,0,5.106527395,0,0,12.84101613,20.23,0,0,0,0,6.262080448,0,0,6.578935684,5.106527395,0,0,7.333333333,0,0,0.75,2.916666667,0,3,1,1,0,0,0,0,1,1,1,0,0,0,0,0,1.303866667,0,0.6879,12.8258,0,1,1,0,0,0,0,0,0,0,0,0,0,0,0,0,0
71,PVA(Mw: 27K),107000,5.029383778,2.548273388,141,0.23,63.9,83,0.09,90.5,1.698795181,2.555555556,0.706077348,0.167,1,1,10,27000,7.333333333,0.75,0.75,0.396456387,4,44.053,40.021,18,0.071934729,-0.516216209,0.516216209,0.071934729,2,2,2,16.24221061,11.19246318,1.11190626,-1.412909244,1.256670969,-1.245986448,4.375059121,0.475837238,0.918295834,2.187496097,10.26466251,2.707106781,1.731670646,1.731670646,1.414213562,0.66644718,0.66644718,0.182574186,0.182574186,0,0,0,0,-0.46,2.754887502,2.54,1.54,1.54,19.20882386,5.106527395,0,0,0,0,0,6.578935684,0,0,6.262080448,5.106527395,0,0,0,0,0,12.84101613,0,5.106527395,0,0,12.84101613,20.23,0,0,0,0,6.262080448,0,0,6.578935684,5.106527395,0,0,7.333333333,0,0,0.75,2.916666667,0,3,1,1,0,0,0,0,1,1,1,0,0,0,0,0,1.303866667,0,0.6879,12.8258,0,1,1,0,0,0,0,0,0,0,0,0,0,0,0,0,0
72,PVA(Mw: 27K),121000,5.08278537,2.536664181,138,0.23,64.6,81,0.09,89.4,1.703703704,2.555555556,0.722595078,0.187,1,1,20,27000,7.333333333,0.75,0.75,0.396456387,4,44.053,40.021,18,0.071934729,-0.516216209,0.516216209,0.071934729,2,2,2,16.24221061,11.19246318,1.11190626,-1.412909244,1.256670969,-1.245986448,4.375059121,0.475837238,0.918295834,2.187496097,10.26466251,2.707106781,1.731670646,1.731670646,1.414213562,0.66644718,0.66644718,0.182574186,0.182574186,0,0,0,0,-0.46,2.754887502,2.54,1.54,1.54,19.20882386,5.106527395,0,0,0,0,0,6.578935684,0,0,6.262080448,5.106527395,0,0,0,0,0,12.84101613,0,5.106527395,0,0,12.84101613,20.23,0,0,0,0,6.262080448,0,0,6.578935684,5.106527395,0,0,7.333333333,0,0,0.75,2.916666667,0,3,1,1,0,0,0,0,1,1,1,0,0,0,0,0,1.303866667,0,0.6879,12.8258,0,1,1,0,0,0,0,0,0,0,0,0,0,0,0,0,0
73,T304,226000,5.354108439,1.902067889,120,0.23,64.2,80,0.11,93.2,1.5,2.090909091,0.688841202,0.041,4,0,1,1650,7.874552074,0.132130059,-0.348408523,0.422059748,11.35023199,69.26896055,62.1860182,29.08018559,0.070339717,-0.39384141,0.39384141,0.070339717,1.410691413,1.635023199,1.635023199,16.3098436,10.63373453,1.705123171,-1.80005424,1.541155188,-1.941433285,4.202369039,0.146882346,1.374971724,2.264689923,12.59917082,3.860965471,2.755392662,2.755392662,2.096890154,1.351954528,1.351954528,0.747214409,0.747214409,0.184306653,0.184306653,0,0,-0.08,8.290494976,4.433364266,2.537596006,2.946728531,27.96019448,10.21305479,0,0,0,0,0,0,3.554399264,0,12.95558504,10.21305479,0,0,0,6.687957487,9.822026821,0,0,23.16863983,0,3.554399264,0,40.46,3.133558223,0,9.822026821,0,0,3.554399264,0,0,10.21305479,0,0,15.63739989,0,0,-0.287579056,0.591346991,1,4.513364266,2,2,0,0,0,0.513364266,2,2,2,0,1,0,0,0.513364266,2.491310565,0,-0.829557983,16.5305088,0,2,2,0,0,0,0,0,0,0,0,0,0,0,0,0,0
74,T304,227000,5.356025857,1.302422384,101,0.2,73.2,78,0.11,90.3,1.294871795,1.818181818,0.810631229,0.143,4,0,5,1650,7.874552074,0.132130059,-0.348408523,0.422059748,11.35023199,69.26896055,62.1860182,29.08018559,0.070339717,-0.39384141,0.39384141,0.070339717,1.410691413,1.635023199,1.635023199,16.3098436,10.63373453,1.705123171,-1.80005424,1.541155188,-1.941433285,4.202369039,0.146882346,1.374971724,2.264689923,12.59917082,3.860965471,2.755392662,2.755392662,2.096890154,1.351954528,1.351954528,0.747214409,0.747214409,0.184306653,0.184306653,0,0,-0.08,8.290494976,4.433364266,2.537596006,2.946728531,27.96019448,10.21305479,0,0,0,0,0,0,3.554399264,0,12.95558504,10.21305479,0,0,0,6.687957487,9.822026821,0,0,23.16863983,0,3.554399264,0,40.46,3.133558223,0,9.822026821,0,0,3.554399264,0,0,10.21305479,0,0,15.63739989,0,0,-0.287579056,0.591346991,1,4.513364266,2,2,0,0,0,0.513364266,2,2,2,0,1,0,0,0.513364266,2.491310565,0,-0.829557983,16.5305088,0,2,2,0,0,0,0,0,0,0,0,0,0,0,0,0,0
75,T304,345000,5.537819095,0.732230291,91,0.18,75.7,83,0.12,87.6,1.096385542,1.5,0.864155251,0.158,4,0,10,1650,7.874552074,0.132130059,-0.348408523,0.422059748,11.35023199,69.26896055,62.1860182,29.08018559,0.070339717,-0.39384141,0.39384141,0.070339717,1.410691413,1.635023199,1.635023199,16.3098436,10.63373453,1.705123171,-1.80005424,1.541155188,-1.941433285,4.202369039,0.146882346,1.374971724,2.264689923,12.59917082,3.860965471,2.755392662,2.755392662,2.096890154,1.351954528,1.351954528,0.747214409,0.747214409,0.184306653,0.184306653,0,0,-0.08,8.290494976,4.433364266,2.537596006,2.946728531,27.96019448,10.21305479,0,0,0,0,0,0,3.554399264,0,12.95558504,10.21305479,0,0,0,6.687957487,9.822026821,0,0,23.16863983,0,3.554399264,0,40.46,3.133558223,0,9.822026821,0,0,3.554399264,0,0,10.21305479,0,0,15.63739989,0,0,-0.287579056,0.591346991,1,4.513364266,2,2,0,0,0,0.513364266,2,2,2,0,1,0,0,0.513364266,2.491310565,0,-0.829557983,16.5305088,0,2,2,0,0,0,0,0,0,0,0,0,0,0,0,0,0
76,T304,632000,5.800717078,0.850687618,90,0.18,76.4,82,0.11,86.5,1.097560976,1.636363636,0.883236994,0.22,4,0,20,1650,7.874552074,0.132130059,-0.348408523,0.422059748,11.35023199,69.26896055,62.1860182,29.08018559,0.070339717,-0.39384141,0.39384141,0.070339717,1.410691413,1.635023199,1.635023199,16.3098436,10.63373453,1.705123171,-1.80005424,1.541155188,-1.941433285,4.202369039,0.146882346,1.374971724,2.264689923,12.59917082,3.860965471,2.755392662,2.755392662,2.096890154,1.351954528,1.351954528,0.747214409,0.747214409,0.184306653,0.184306653,0,0,-0.08,8.290494976,4.433364266,2.537596006,2.946728531,27.96019448,10.21305479,0,0,0,0,0,0,3.554399264,0,12.95558504,10.21305479,0,0,0,6.687957487,9.822026821,0,0,23.16863983,0,3.554399264,0,40.46,3.133558223,0,9.822026821,0,0,3.554399264,0,0,10.21305479,0,0,15.63739989,0,0,-0.287579056,0.591346991,1,4.513364266,2,2,0,0,0,0.513364266,2,2,2,0,1,0,0,0.513364266,2.491310565,0,-0.829557983,16.5305088,0,2,2,0,0,0,0,0,0,0,0,0,0,0,0,0,0
77,T704,594000,5.773786445,1.46339174,95,0.11,80.3,85,0.05,94,1.117647059,2.2,0.854255319,0.177,4,0,1,5500,7.901607669,0.132903076,-0.372629722,0.423635243,11.76766118,70.04966444,62.85451712,29.41412894,0.070785642,-0.393825241,0.393825241,0.070785642,1.455217192,1.676766118,1.676766118,16.31044915,10.613722,1.719198306,-1.811002958,1.557260255,-1.951855634,4.217535222,0.142648003,1.375407682,2.296124789,13.31463069,3.909400808,2.803827999,2.803827999,2.116695334,1.37575187,1.37575187,0.779739487,0.779739487,0.193446896,0.193446896,0,0,-0.08,8.446153287,4.48902149,2.496137053,3.05804298,28.31444949,10.21305479,0,0,0,0,0,0,3.939755258,0,12.92759416,10.21305479,0,0,0,7.413043309,9.45430611,0,0,23.14064895,0,3.939755258,0,40.46,3.473288049,0,9.45430611,0,0,3.939755258,0,0,10.21305479,0,0,15.67940048,0,0,-0.318757409,0.682562998,1,4.56902149,2,2,0,0,0,0.56902149,2,2,2,0,1,0,0,0.56902149,2.451165031,0,-0.807935151,16.78625375,0,2,2,0,0,0,0,0,0,0,0,0,0,0,0,0,0
78,T704,2190000,6.340444115,0.302825706,88,0.06,85.6,86,0.05,93,1.023255814,1.2,0.920430108,0.22,4,0,5,5500,7.901607669,0.132903076,-0.372629722,0.423635243,11.76766118,70.04966444,62.85451712,29.41412894,0.070785642,-0.393825241,0.393825241,0.070785642,1.455217192,1.676766118,1.676766118,16.31044915,10.613722,1.719198306,-1.811002958,1.557260255,-1.951855634,4.217535222,0.142648003,1.375407682,2.296124789,13.31463069,3.909400808,2.803827999,2.803827999,2.116695334,1.37575187,1.37575187,0.779739487,0.779739487,0.193446896,0.193446896,0,0,-0.08,8.446153287,4.48902149,2.496137053,3.05804298,28.31444949,10.21305479,0,0,0,0,0,0,3.939755258,0,12.92759416,10.21305479,0,0,0,7.413043309,9.45430611,0,0,23.14064895,0,3.939755258,0,40.46,3.473288049,0,9.45430611,0,0,3.939755258,0,0,10.21305479,0,0,15.67940048,0,0,-0.318757409,0.682562998,1,4.56902149,2,2,0,0,0,0.56902149,2,2,2,0,1,0,0,0.56902149,2.451165031,0,-0.807935151,16.78625375,0,2,2,0,0,0,0,0,0,0,0,0,0,0,0,0,0
79,T704,1990000,6.298853076,0.245731968,90,0.07,87.1,88,0.06,92.3,1.022727273,1.166666667,0.943661972,0.32,4,0,10,5500,7.901607669,0.132903076,-0.372629722,0.423635243,11.76766118,70.04966444,62.85451712,29.41412894,0.070785642,-0.393825241,0.393825241,0.070785642,1.455217192,1.676766118,1.676766118,16.31044915,10.613722,1.719198306,-1.811002958,1.557260255,-1.951855634,4.217535222,0.142648003,1.375407682,2.296124789,13.31463069,3.909400808,2.803827999,2.803827999,2.116695334,1.37575187,1.37575187,0.779739487,0.779739487,0.193446896,0.193446896,0,0,-0.08,8.446153287,4.48902149,2.496137053,3.05804298,28.31444949,10.21305479,0,0,0,0,0,0,3.939755258,0,12.92759416,10.21305479,0,0,0,7.413043309,9.45430611,0,0,23.14064895,0,3.939755258,0,40.46,3.473288049,0,9.45430611,0,0,3.939755258,0,0,10.21305479,0,0,15.67940048,0,0,-0.318757409,0.682562998,1,4.56902149,2,2,0,0,0,0.56902149,2,2,2,0,1,0,0,0.56902149,2.451165031,0,-0.807935151,16.78625375,0,2,2,0,0,0,0,0,0,0,0,0,0,0,0,0,0
80,T704,1020000,6.008600172,0.216695173,91,0.08,86.8,89,0.07,91.5,1.02247191,1.142857143,0.94863388,0.395,4,0,20,5500,7.901607669,0.132903076,-0.372629722,0.423635243,11.76766118,70.04966444,62.85451712,29.41412894,0.070785642,-0.393825241,0.393825241,0.070785642,1.455217192,1.676766118,1.676766118,16.31044915,10.613722,1.719198306,-1.811002958,1.557260255,-1.951855634,4.217535222,0.142648003,1.375407682,2.296124789,13.31463069,3.909400808,2.803827999,2.803827999,2.116695334,1.37575187,1.37575187,0.779739487,0.779739487,0.193446896,0.193446896,0,0,-0.08,8.446153287,4.48902149,2.496137053,3.05804298,28.31444949,10.21305479,0,0,0,0,0,0,3.939755258,0,12.92759416,10.21305479,0,0,0,7.413043309,9.45430611,0,0,23.14064895,0,3.939755258,0,40.46,3.473288049,0,9.45430611,0,0,3.939755258,0,0,10.21305479,0,0,15.67940048,0,0,-0.318757409,0.682562998,1,4.56902149,2,2,0,0,0,0.56902149,2,2,2,0,1,0,0,0.56902149,2.451165031,0,-0.807935151,16.78625375,0,2,2,0,0,0,0,0,0,0,0,0,0,0,0,0,0
81,T901,53500,4.728353782,-0.196980873,193,0.38,61.2,252,0.39,65.3,0.765873016,0.974358974,0.937212864,0.068,4,0,1,4700,8.05863859,0.137389674,-0.513209785,0.43277943,14.19042396,74.58087692,66.73449096,31.35233917,0.0733738,-0.3937314,0.3937314,0.0733738,1.713645223,1.919042396,1.919042396,16.31396374,10.49756907,1.800890514,-1.87454942,1.650734211,-2.012347038,4.305559883,0.118071835,1.377937983,2.478573037,17.46716631,4.190519947,3.084947138,3.084947138,2.231644784,1.513871859,1.513871859,0.968515335,0.968515335,0.246496952,0.246496952,0,0,-0.08,9.349595548,4.812056528,2.255508913,3.704113056,30.37054881,10.21305479,0,0,0,0,0,0,6.176364969,0,12.7651348,10.21305479,0,0,0,11.62144804,7.320051742,0,0,22.97818959,0,6.176364969,0,40.46,5.445083065,0,7.320051742,0,0,6.176364969,0,0,10.21305479,0,0,15.92317229,0,0,-0.499716851,1.211981532,1,4.892056528,2,2,0,0,0,0.892056528,2,2,2,0,1,0,0,0.892056528,2.21815999,0,-0.682436039,18.27059975,0,2,2,0,0,0,0,0,0,0,0,0,0,0,0,0,0
82,T901,34000,4.531478917,0.433692503,410.1,0.68,3,586,0.77,20.1,0.699829352,0.883116883,0.149253731,0.029,4,0,5,4700,8.05863859,0.137389674,-0.513209785,0.43277943,14.19042396,74.58087692,66.73449096,31.35233917,0.0733738,-0.3937314,0.3937314,0.0733738,1.713645223,1.919042396,1.919042396,16.31396374,10.49756907,1.800890514,-1.87454942,1.650734211,-2.012347038,4.305559883,0.118071835,1.377937983,2.478573037,17.46716631,4.190519947,3.084947138,3.084947138,2.231644784,1.513871859,1.513871859,0.968515335,0.968515335,0.246496952,0.246496952,0,0,-0.08,9.349595548,4.812056528,2.255508913,3.704113056,30.37054881,10.21305479,0,0,0,0,0,0,6.176364969,0,12.7651348,10.21305479,0,0,0,11.62144804,7.320051742,0,0,22.97818959,0,6.176364969,0,40.46,5.445083065,0,7.320051742,0,0,6.176364969,0,0,10.21305479,0,0,15.92317229,0,0,-0.499716851,1.211981532,1,4.892056528,2,2,0,0,0,0.892056528,2,2,2,0,1,0,0,0.892056528,2.21815999,0,-0.682436039,18.27059975,0,2,2,0,0,0,0,0,0,0,0,0,0,0,0,0,0
83,T901,37300,4.571708832,0.704411765,456,0.75,2.1,570,0.72,15.3,0.8,1.041666667,0.137254902,0.02,4,0,10,4700,8.05863859,0.137389674,-0.513209785,0.43277943,14.19042396,74.58087692,66.73449096,31.35233917,0.0733738,-0.3937314,0.3937314,0.0733738,1.713645223,1.919042396,1.919042396,16.31396374,10.49756907,1.800890514,-1.87454942,1.650734211,-2.012347038,4.305559883,0.118071835,1.377937983,2.478573037,17.46716631,4.190519947,3.084947138,3.084947138,2.231644784,1.513871859,1.513871859,0.968515335,0.968515335,0.246496952,0.246496952,0,0,-0.08,9.349595548,4.812056528,2.255508913,3.704113056,30.37054881,10.21305479,0,0,0,0,0,0,6.176364969,0,12.7651348,10.21305479,0,0,0,11.62144804,7.320051742,0,0,22.97818959,0,6.176364969,0,40.46,5.445083065,0,7.320051742,0,0,6.176364969,0,0,10.21305479,0,0,15.92317229,0,0,-0.499716851,1.211981532,1,4.892056528,2,2,0,0,0,0.892056528,2,2,2,0,1,0,0,0.892056528,2.21815999,0,-0.682436039,18.27059975,0,2,2,0,0,0,0,0,0,0,0,0,0,0,0,0,0
84,T901,14200,4.152288344,0.476620461,473,0.77,2.5,591,0.84,10.4,0.800338409,0.916666667,0.240384615,0.027,4,0,20,4700,8.05863859,0.137389674,-0.513209785,0.43277943,14.19042396,74.58087692,66.73449096,31.35233917,0.0733738,-0.3937314,0.3937314,0.0733738,1.713645223,1.919042396,1.919042396,16.31396374,10.49756907,1.800890514,-1.87454942,1.650734211,-2.012347038,4.305559883,0.118071835,1.377937983,2.478573037,17.46716631,4.190519947,3.084947138,3.084947138,2.231644784,1.513871859,1.513871859,0.968515335,0.968515335,0.246496952,0.246496952,0,0,-0.08,9.349595548,4.812056528,2.255508913,3.704113056,30.37054881,10.21305479,0,0,0,0,0,0,6.176364969,0,12.7651348,10.21305479,0,0,0,11.62144804,7.320051742,0,0,22.97818959,0,6.176364969,0,40.46,5.445083065,0,7.320051742,0,0,6.176364969,0,0,10.21305479,0,0,15.92317229,0,0,-0.499716851,1.211981532,1,4.892056528,2,2,0,0,0,0.892056528,2,2,2,0,1,0,0,0.892056528,2.21815999,0,-0.682436039,18.27059975,0,2,2,0,0,0,0,0,0,0,0,0,0,0,0,0,0
85,Tween 20,123000,5.089905111,0.612424397,94,0.5,9.8,91,0.43,16.8,1.032967033,1.162790698,0.583333333,0.025,4,0,1,1226,7.983686285,0.155303648,-0.199242404,0.426108963,7.897000567,81.27842074,72.70930834,34.05911151,0.099104052,-0.406112536,0.406112536,0.099104052,0.980149972,1.254962507,1.314512592,16.31271569,10.71395821,1.628331088,-1.740665328,1.490423079,-1.856959917,4.284477212,0.141114562,1.478968086,2.10109503,23.54710612,4.419407715,3.297672834,3.297672834,2.588933778,1.807188745,1.807188745,0.937006385,0.937006385,0.432673948,0.432673948,0.22049811,0.22049811,-0.142527589,161.4266965,5.246974395,3.980216757,3.246974395,33.44884494,9.503501795,0,0,0.829436154,0.666201893,0,8.099450167,0.892174439,0.892174439,11.37770881,10.16970369,0.829436154,0,0,9.883799045,11.37770881,0,0,21.71064676,0.666201893,9.883799045,0,40.02091737,0.829436154,0.666201893,11.37770881,0.892174439,1.784348878,6.245221071,0,0.962054658,9.503501795,0,1.418181549,14.3000372,0,-0.091611179,1.594899856,0.094329218,0.988420817,5.389501984,1.861049802,2,0,0,0,0,1.861049802,1.861049802,2,0,2.250551786,0,0,0,3.874434719,0,-0.331344949,20.46718338,0.138950198,1.722099603,1.722099603,0.138950198,0.138950198,0.138950198,0,0,0,0,0,0,0,0,0,0,1.111601588
86,Tween 20,96200,4.983175072,-0.172311349,98,0.52,11.8,98,0.51,9.9,1,1.019607843,1.191919192,0.026,4,0,5,1226,7.983686285,0.155303648,-0.199242404,0.426108963,7.897000567,81.27842074,72.70930834,34.05911151,0.099104052,-0.406112536,0.406112536,0.099104052,0.980149972,1.254962507,1.314512592,16.31271569,10.71395821,1.628331088,-1.740665328,1.490423079,-1.856959917,4.284477212,0.141114562,1.478968086,2.10109503,23.54710612,4.419407715,3.297672834,3.297672834,2.588933778,1.807188745,1.807188745,0.937006385,0.937006385,0.432673948,0.432673948,0.22049811,0.22049811,-0.142527589,161.4266965,5.246974395,3.980216757,3.246974395,33.44884494,9.503501795,0,0,0.829436154,0.666201893,0,8.099450167,0.892174439,0.892174439,11.37770881,10.16970369,0.829436154,0,0,9.883799045,11.37770881,0,0,21.71064676,0.666201893,9.883799045,0,40.02091737,0.829436154,0.666201893,11.37770881,0.892174439,1.784348878,6.245221071,0,0.962054658,9.503501795,0,1.418181549,14.3000372,0,-0.091611179,1.594899856,0.094329218,0.988420817,5.389501984,1.861049802,2,0,0,0,0,1.861049802,1.861049802,2,0,2.250551786,0,0,0,3.874434719,0,-0.331344949,20.46718338,0.138950198,1.722099603,1.722099603,0.138950198,0.138950198,0.138950198,0,0,0,0,0,0,0,0,0,0,1.111601588
87,Tween 20,98700,4.994317153,-0.769273997,100,0.58,10.3,103,0.56,5.8,0.970873786,1.035714286,1.775862069,0.034,4,0,10,1226,7.983686285,0.155303648,-0.199242404,0.426108963,7.897000567,81.27842074,72.70930834,34.05911151,0.099104052,-0.406112536,0.406112536,0.099104052,0.980149972,1.254962507,1.314512592,16.31271569,10.71395821,1.628331088,-1.740665328,1.490423079,-1.856959917,4.284477212,0.141114562,1.478968086,2.10109503,23.54710612,4.419407715,3.297672834,3.297672834,2.588933778,1.807188745,1.807188745,0.937006385,0.937006385,0.432673948,0.432673948,0.22049811,0.22049811,-0.142527589,161.4266965,5.246974395,3.980216757,3.246974395,33.44884494,9.503501795,0,0,0.829436154,0.666201893,0,8.099450167,0.892174439,0.892174439,11.37770881,10.16970369,0.829436154,0,0,9.883799045,11.37770881,0,0,21.71064676,0.666201893,9.883799045,0,40.02091737,0.829436154,0.666201893,11.37770881,0.892174439,1.784348878,6.245221071,0,0.962054658,9.503501795,0,1.418181549,14.3000372,0,-0.091611179,1.594899856,0.094329218,0.988420817,5.389501984,1.861049802,2,0,0,0,0,1.861049802,1.861049802,2,0,2.250551786,0,0,0,3.874434719,0,-0.331344949,20.46718338,0.138950198,1.722099603,1.722099603,0.138950198,0.138950198,0.138950198,0,0,0,0,0,0,0,0,0,0,1.111601588
88,Tween 20,55100,4.741151599,-1.206347792,101,0.58,11.2,108,0.55,5.1,0.935185185,1.054545455,2.196078431,0.029,4,0,20,1226,7.983686285,0.155303648,-0.199242404,0.426108963,7.897000567,81.27842074,72.70930834,34.05911151,0.099104052,-0.406112536,0.406112536,0.099104052,0.980149972,1.254962507,1.314512592,16.31271569,10.71395821,1.628331088,-1.740665328,1.490423079,-1.856959917,4.284477212,0.141114562,1.478968086,2.10109503,23.54710612,4.419407715,3.297672834,3.297672834,2.588933778,1.807188745,1.807188745,0.937006385,0.937006385,0.432673948,0.432673948,0.22049811,0.22049811,-0.142527589,161.4266965,5.246974395,3.980216757,3.246974395,33.44884494,9.503501795,0,0,0.829436154,0.666201893,0,8.099450167,0.892174439,0.892174439,11.37770881,10.16970369,0.829436154,0,0,9.883799045,11.37770881,0,0,21.71064676,0.666201893,9.883799045,0,40.02091737,0.829436154,0.666201893,11.37770881,0.892174439,1.784348878,6.245221071,0,0.962054658,9.503501795,0,1.418181549,14.3000372,0,-0.091611179,1.594899856,0.094329218,0.988420817,5.389501984,1.861049802,2,0,0,0,0,1.861049802,1.861049802,2,0,2.250551786,0,0,0,3.874434719,0,-0.331344949,20.46718338,0.138950198,1.722099603,1.722099603,0.138950198,0.138950198,0.138950198,0,0,0,0,0,0,0,0,0,0,1.111601588
